gene_symbol,candidate_source,catalog_association_records,catalog_study_accessions,catalog_unique_publications,catalog_best_p_value,catalog_pubmed_ids,shortlisted_top50,candidate_status,limitation
ACTL11P,GWAS Catalog mapped locus,1,1,1,3e-32,39789286,No,screened; not in final 50,Catalog mapped gene is not necessarily causal; noncoding mappings remain in broad pool.
ADAMTS10,GWAS Catalog mapped locus,1,1,1,1e-25,39024449,No,screened; not in final 50,Catalog mapped gene is not necessarily causal; noncoding mappings remain in broad pool.
ADAMTS17,GWAS Catalog mapped locus,1,1,1,3.0000000000000003e-30,39024449,No,screened; not in final 50,Catalog mapped gene is not necessarily causal; noncoding mappings remain in broad pool.
ADAMTS8,GWAS Catalog mapped locus,1,1,1,3e-22,39024449,No,screened; not in final 50,Catalog mapped gene is not necessarily causal; noncoding mappings remain in broad pool.
ADAMTS9-AS2,GWAS Catalog mapped locus,1,1,1,2e-14,39024449,No,screened; not in final 50,Catalog mapped gene is not necessarily causal; noncoding mappings remain in broad pool.
ADAMTSL3,GWAS Catalog mapped locus,1,1,1,1e-22,39789286,No,screened; not in final 50,Catalog mapped gene is not necessarily causal; noncoding mappings remain in broad pool.
ADCY3,GWAS Catalog mapped locus; curated monogenic/rare coding obesity literature,2,2,1,9e-23,39024449,Yes,selected,Catalog mapped gene is not necessarily causal; noncoding mappings remain in broad pool.
ADCY5,GWAS Catalog mapped locus,3,3,1,5.000000000000001e-15,39024449,Yes,selected,Catalog mapped gene is not necessarily causal; noncoding mappings remain in broad pool.
ADCY9,GWAS Catalog mapped locus,5,5,2,3e-69,39024449; 39789286,Yes,selected,Catalog mapped gene is not necessarily causal; noncoding mappings remain in broad pool.
ADCYAP1,GWAS Catalog mapped locus,2,2,1,2e-13,39024449,No,screened; not in final 50,Catalog mapped gene is not necessarily causal; noncoding mappings remain in broad pool.
ADGRB2,GWAS Catalog mapped locus,1,1,1,6e-14,39789286,No,screened; not in final 50,Catalog mapped gene is not necessarily causal; noncoding mappings remain in broad pool.
ADK,GWAS Catalog mapped locus,2,2,1,1e-17,39024449,No,screened; not in final 50,Catalog mapped gene is not necessarily causal; noncoding mappings remain in broad pool.
AGER,GWAS Catalog mapped locus,1,1,1,8e-10,38710707,No,screened; not in final 50,Catalog mapped gene is not necessarily causal; noncoding mappings remain in broad pool.
AIDAP3,GWAS Catalog mapped locus,3,3,1,5e-19,39024449,No,screened; not in final 50,Catalog mapped gene is not necessarily causal; noncoding mappings remain in broad pool.
AKAP6,GWAS Catalog mapped locus,4,4,1,3e-34,39024449,No,screened; not in final 50,Catalog mapped gene is not necessarily causal; noncoding mappings remain in broad pool.
ALCAM,GWAS Catalog mapped locus,1,1,1,1e-13,39024449,No,screened; not in final 50,Catalog mapped gene is not necessarily causal; noncoding mappings remain in broad pool.
ALDOA,GWAS Catalog mapped locus,1,1,1,3.0000000000000003e-30,41206923,No,screened; not in final 50,Catalog mapped gene is not necessarily causal; noncoding mappings remain in broad pool.
ANAPC4,GWAS Catalog mapped locus,3,3,1,1e-19,39024449,No,screened; not in final 50,Catalog mapped gene is not necessarily causal; noncoding mappings remain in broad pool.
ANKRD27,curated monogenic/rare coding obesity literature,0,0,0,,,Yes,selected,Curated literature addition; not present in bounded Catalog sample.
ANO4,curated monogenic/rare coding obesity literature,0,0,0,,,Yes,selected,Curated literature addition; not present in bounded Catalog sample.
AP3B2,GWAS Catalog mapped locus,1,1,1,8e-12,39024449,No,screened; not in final 50,Catalog mapped gene is not necessarily causal; noncoding mappings remain in broad pool.
APOE,GWAS Catalog mapped locus,2,2,1,1e-25,39024449,No,screened; not in final 50,Catalog mapped gene is not necessarily causal; noncoding mappings remain in broad pool.
ARL14EP-DT,GWAS Catalog mapped locus,1,1,1,2e-15,39024449,No,screened; not in final 50,Catalog mapped gene is not necessarily causal; noncoding mappings remain in broad pool.
ARMC10P1,GWAS Catalog mapped locus,1,1,1,4e-11,39024449,No,screened; not in final 50,Catalog mapped gene is not necessarily causal; noncoding mappings remain in broad pool.
AS3MT,GWAS Catalog mapped locus,1,1,1,1e-22,39024449,No,screened; not in final 50,Catalog mapped gene is not necessarily causal; noncoding mappings remain in broad pool.
ASS1P14,GWAS Catalog mapped locus,4,4,1,1e-33,39024449,No,screened; not in final 50,Catalog mapped gene is not necessarily causal; noncoding mappings remain in broad pool.
ASTN2,GWAS Catalog mapped locus,1,1,1,7e-12,39024449,No,screened; not in final 50,Catalog mapped gene is not necessarily causal; noncoding mappings remain in broad pool.
ASXL1,GWAS Catalog mapped locus,2,2,1,9e-12,39024449,No,screened; not in final 50,Catalog mapped gene is not necessarily causal; noncoding mappings remain in broad pool.
ATXN2,GWAS Catalog mapped locus,3,3,1,2e-43,39024449,No,screened; not in final 50,Catalog mapped gene is not necessarily causal; noncoding mappings remain in broad pool.
ATXN7L3-AS1,GWAS Catalog mapped locus,1,1,1,1e-25,39024449,No,screened; not in final 50,Catalog mapped gene is not necessarily causal; noncoding mappings remain in broad pool.
BARHL2,GWAS Catalog mapped locus,2,2,1,1e-22,39024449,No,screened; not in final 50,Catalog mapped gene is not necessarily causal; noncoding mappings remain in broad pool.
BCL11B,GWAS Catalog mapped locus,1,1,1,5e-13,39024449,No,screened; not in final 50,Catalog mapped gene is not necessarily causal; noncoding mappings remain in broad pool.
BCL2,GWAS Catalog mapped locus,3,3,1,2e-12,39024449,No,screened; not in final 50,Catalog mapped gene is not necessarily causal; noncoding mappings remain in broad pool.
BCL2L2,GWAS Catalog mapped locus,1,1,1,8e-31,39024449,No,screened; not in final 50,Catalog mapped gene is not necessarily causal; noncoding mappings remain in broad pool.
BCL2L2-PABPN1,GWAS Catalog mapped locus,1,1,1,8e-31,39024449,No,screened; not in final 50,Catalog mapped gene is not necessarily causal; noncoding mappings remain in broad pool.
BDNF,GWAS Catalog mapped locus; curated monogenic/rare coding obesity literature,3,3,1,2e-49,39024449,Yes,selected,Catalog mapped gene is not necessarily causal; noncoding mappings remain in broad pool.
BDNF-AS,GWAS Catalog mapped locus,3,3,1,2e-49,39024449,No,screened; not in final 50,Catalog mapped gene is not necessarily causal; noncoding mappings remain in broad pool.
BLTP1,curated monogenic/rare coding obesity literature,0,0,0,,,Yes,selected,Curated literature addition; not present in bounded Catalog sample.
BLTP3A,GWAS Catalog mapped locus,1,1,1,7e-13,39024449,No,screened; not in final 50,Catalog mapped gene is not necessarily causal; noncoding mappings remain in broad pool.
BOLA2P1,GWAS Catalog mapped locus,2,2,1,2e-13,39024449,No,screened; not in final 50,Catalog mapped gene is not necessarily causal; noncoding mappings remain in broad pool.
BORCS7-ASMT,GWAS Catalog mapped locus,1,1,1,1e-22,39024449,No,screened; not in final 50,Catalog mapped gene is not necessarily causal; noncoding mappings remain in broad pool.
BPTF,GWAS Catalog mapped locus,2,2,1,2e-14,39024449,No,screened; not in final 50,Catalog mapped gene is not necessarily causal; noncoding mappings remain in broad pool.
BRINP1,GWAS Catalog mapped locus,1,1,1,4e-11,39024449,No,screened; not in final 50,Catalog mapped gene is not necessarily causal; noncoding mappings remain in broad pool.
BRINP3,GWAS Catalog mapped locus,2,2,1,5e-28,39024449,No,screened; not in final 50,Catalog mapped gene is not necessarily causal; noncoding mappings remain in broad pool.
BTN3A3,GWAS Catalog mapped locus,1,1,1,2e-14,38710707,No,screened; not in final 50,Catalog mapped gene is not necessarily causal; noncoding mappings remain in broad pool.
C12orf42,GWAS Catalog mapped locus,3,3,1,2e-19,39024449,No,screened; not in final 50,Catalog mapped gene is not necessarily causal; noncoding mappings remain in broad pool.
C5orf67,GWAS Catalog mapped locus,1,1,1,2e-08,41314110,No,screened; not in final 50,Catalog mapped gene is not necessarily causal; noncoding mappings remain in broad pool.
CACNG3,GWAS Catalog mapped locus,3,3,1,2e-13,39024449,No,screened; not in final 50,Catalog mapped gene is not necessarily causal; noncoding mappings remain in broad pool.
CADM1,GWAS Catalog mapped locus,1,1,1,1e-11,39024449,No,screened; not in final 50,Catalog mapped gene is not necessarily causal; noncoding mappings remain in broad pool.
CADM2,GWAS Catalog mapped locus,2,2,1,8e-16,39024449,No,screened; not in final 50,Catalog mapped gene is not necessarily causal; noncoding mappings remain in broad pool.
CALCR,GWAS Catalog mapped locus; curated monogenic/rare coding obesity literature,1,1,1,8e-13,39024449,Yes,selected,Catalog mapped gene is not necessarily causal; noncoding mappings remain in broad pool.
CALCRL-AS1,GWAS Catalog mapped locus,1,1,1,1e-11,39024449,No,screened; not in final 50,Catalog mapped gene is not necessarily causal; noncoding mappings remain in broad pool.
CALM2P1,GWAS Catalog mapped locus,2,2,1,9e-13,39024449,No,screened; not in final 50,Catalog mapped gene is not necessarily causal; noncoding mappings remain in broad pool.
CAMKMT,GWAS Catalog mapped locus,1,1,1,4e-11,39024449,No,screened; not in final 50,Catalog mapped gene is not necessarily causal; noncoding mappings remain in broad pool.
CASC17,GWAS Catalog mapped locus,2,2,1,9e-13,39024449,No,screened; not in final 50,Catalog mapped gene is not necessarily causal; noncoding mappings remain in broad pool.
CASC20,GWAS Catalog mapped locus,3,3,1,3e-16,39024449,No,screened; not in final 50,Catalog mapped gene is not necessarily causal; noncoding mappings remain in broad pool.
CAST,GWAS Catalog mapped locus,3,3,1,1e-30,39024449,No,screened; not in final 50,Catalog mapped gene is not necessarily causal; noncoding mappings remain in broad pool.
CATSPER2P1,GWAS Catalog mapped locus,1,1,1,1e-20,39024449,No,screened; not in final 50,Catalog mapped gene is not necessarily causal; noncoding mappings remain in broad pool.
CBLN4,GWAS Catalog mapped locus,3,3,1,6e-16,39024449,No,screened; not in final 50,Catalog mapped gene is not necessarily causal; noncoding mappings remain in broad pool.
CCDC162P,GWAS Catalog mapped locus,1,1,1,1e-30,39024449,No,screened; not in final 50,Catalog mapped gene is not necessarily causal; noncoding mappings remain in broad pool.
CCDC178,GWAS Catalog mapped locus,3,3,1,8e-16,39024449,No,screened; not in final 50,Catalog mapped gene is not necessarily causal; noncoding mappings remain in broad pool.
CCND2,GWAS Catalog mapped locus,4,4,1,1e-86,39024449,Yes,selected,Catalog mapped gene is not necessarily causal; noncoding mappings remain in broad pool.
CCND2-AS1,GWAS Catalog mapped locus,4,4,1,1e-86,39024449,No,screened; not in final 50,Catalog mapped gene is not necessarily causal; noncoding mappings remain in broad pool.
CD164,GWAS Catalog mapped locus,1,1,1,1e-30,39024449,No,screened; not in final 50,Catalog mapped gene is not necessarily causal; noncoding mappings remain in broad pool.
CDH7,GWAS Catalog mapped locus,3,3,1,3.0000000000000002e-18,39024449,No,screened; not in final 50,Catalog mapped gene is not necessarily causal; noncoding mappings remain in broad pool.
CDK6,GWAS Catalog mapped locus,1,1,1,1e-70,39024449,No,screened; not in final 50,Catalog mapped gene is not necessarily causal; noncoding mappings remain in broad pool.
CDKN1B,GWAS Catalog mapped locus,1,1,1,2e-19,39024449,No,screened; not in final 50,Catalog mapped gene is not necessarily causal; noncoding mappings remain in broad pool.
CDKN2B-AS1,GWAS Catalog mapped locus,2,2,1,2e-11,39024449,No,screened; not in final 50,Catalog mapped gene is not necessarily causal; noncoding mappings remain in broad pool.
CDKN2C,GWAS Catalog mapped locus,3,3,1,5.0000000000000005e-17,39024449,No,screened; not in final 50,Catalog mapped gene is not necessarily causal; noncoding mappings remain in broad pool.
CELF1,GWAS Catalog mapped locus,1,1,1,2.9999999999999996e-24,39024449,No,screened; not in final 50,Catalog mapped gene is not necessarily causal; noncoding mappings remain in broad pool.
CEP120,GWAS Catalog mapped locus,2,2,1,4e-13,39024449,No,screened; not in final 50,Catalog mapped gene is not necessarily causal; noncoding mappings remain in broad pool.
CHD6,GWAS Catalog mapped locus,2,2,1,4e-12,39024449,No,screened; not in final 50,Catalog mapped gene is not necessarily causal; noncoding mappings remain in broad pool.
CHORDC1,GWAS Catalog mapped locus,2,2,1,4e-20,39024449,No,screened; not in final 50,Catalog mapped gene is not necessarily causal; noncoding mappings remain in broad pool.
CHRNA5,GWAS Catalog mapped locus,1,1,1,3.0000000000000003e-31,39024449,No,screened; not in final 50,Catalog mapped gene is not necessarily causal; noncoding mappings remain in broad pool.
CHSY1,GWAS Catalog mapped locus,1,1,1,9.000000000000001e-18,39024449,No,screened; not in final 50,Catalog mapped gene is not necessarily causal; noncoding mappings remain in broad pool.
CLEC18A,GWAS Catalog mapped locus,3,3,1,2e-18,39024449,No,screened; not in final 50,Catalog mapped gene is not necessarily causal; noncoding mappings remain in broad pool.
CLIP1,GWAS Catalog mapped locus,1,1,1,2e-12,39024449,No,screened; not in final 50,Catalog mapped gene is not necessarily causal; noncoding mappings remain in broad pool.
COBLL1,GWAS Catalog mapped locus,14,5,2,7e-23,39024449; 41314110,Yes,selected,Catalog mapped gene is not necessarily causal; noncoding mappings remain in broad pool.
COL16A1,GWAS Catalog mapped locus,1,1,1,6e-14,39789286,No,screened; not in final 50,Catalog mapped gene is not necessarily causal; noncoding mappings remain in broad pool.
COMT,GWAS Catalog mapped locus,1,1,1,1e-11,39024449,No,screened; not in final 50,Catalog mapped gene is not necessarily causal; noncoding mappings remain in broad pool.
COPG1,GWAS Catalog mapped locus,1,1,1,2e-32,39024449,No,screened; not in final 50,Catalog mapped gene is not necessarily causal; noncoding mappings remain in broad pool.
COX6CP4,GWAS Catalog mapped locus,1,1,1,1e-09,42586059,No,screened; not in final 50,Catalog mapped gene is not necessarily causal; noncoding mappings remain in broad pool.
CPNE4,GWAS Catalog mapped locus,2,2,1,6e-17,39024449,No,screened; not in final 50,Catalog mapped gene is not necessarily causal; noncoding mappings remain in broad pool.
CPNE8-AS1,GWAS Catalog mapped locus,1,1,1,8e-12,39024449,No,screened; not in final 50,Catalog mapped gene is not necessarily causal; noncoding mappings remain in broad pool.
CPZ,GWAS Catalog mapped locus,1,1,1,2e-12,39024449,No,screened; not in final 50,Catalog mapped gene is not necessarily causal; noncoding mappings remain in broad pool.
CRELD1,GWAS Catalog mapped locus,1,1,1,1e-30,39024449,No,screened; not in final 50,Catalog mapped gene is not necessarily causal; noncoding mappings remain in broad pool.
CRTC1,GWAS Catalog mapped locus,3,3,1,8e-19,39024449,Yes,selected,Catalog mapped gene is not necessarily causal; noncoding mappings remain in broad pool.
CRYZL2P-SEC16B,GWAS Catalog mapped locus,1,1,1,9e-11,38710707,No,screened; not in final 50,Catalog mapped gene is not necessarily causal; noncoding mappings remain in broad pool.
CSMD1,GWAS Catalog mapped locus,1,1,1,1e-08,41314110,No,screened; not in final 50,Catalog mapped gene is not necessarily causal; noncoding mappings remain in broad pool.
CT70,GWAS Catalog mapped locus,1,1,1,1e-09,41314110,No,screened; not in final 50,Catalog mapped gene is not necessarily causal; noncoding mappings remain in broad pool.
CTAGE16P,GWAS Catalog mapped locus,3,3,1,3.0000000000000002e-18,39024449,No,screened; not in final 50,Catalog mapped gene is not necessarily causal; noncoding mappings remain in broad pool.
CYB5B,GWAS Catalog mapped locus,1,1,1,8e-18,39789286,No,screened; not in final 50,Catalog mapped gene is not necessarily causal; noncoding mappings remain in broad pool.
DEUP1,GWAS Catalog mapped locus,3,3,1,2e-15,39024449,No,screened; not in final 50,Catalog mapped gene is not necessarily causal; noncoding mappings remain in broad pool.
DLEU1,GWAS Catalog mapped locus,1,1,1,4e-66,39024449,No,screened; not in final 50,Catalog mapped gene is not necessarily causal; noncoding mappings remain in broad pool.
DLEU7,GWAS Catalog mapped locus,1,1,1,4e-66,39024449,No,screened; not in final 50,Catalog mapped gene is not necessarily causal; noncoding mappings remain in broad pool.
DNAH8,GWAS Catalog mapped locus,2,2,1,1e-17,39024449,No,screened; not in final 50,Catalog mapped gene is not necessarily causal; noncoding mappings remain in broad pool.
DNAJA1P1,GWAS Catalog mapped locus,3,3,1,3.0000000000000002e-18,39024449,No,screened; not in final 50,Catalog mapped gene is not necessarily causal; noncoding mappings remain in broad pool.
DNAJB4,GWAS Catalog mapped locus,3,3,1,2e-94,39024449,No,screened; not in final 50,Catalog mapped gene is not necessarily causal; noncoding mappings remain in broad pool.
DNAJC27,GWAS Catalog mapped locus,2,2,1,9e-23,39024449,No,screened; not in final 50,Catalog mapped gene is not necessarily causal; noncoding mappings remain in broad pool.
DNM1,GWAS Catalog mapped locus,1,1,1,4.9999999999999995e-11,39024449,No,screened; not in final 50,Catalog mapped gene is not necessarily causal; noncoding mappings remain in broad pool.
DPP9,curated monogenic/rare coding obesity literature,0,0,0,,,Yes,selected,Curated literature addition; not present in bounded Catalog sample.
DTX2P1,GWAS Catalog mapped locus,1,1,1,1e-52,39024449,No,screened; not in final 50,Catalog mapped gene is not necessarily causal; noncoding mappings remain in broad pool.
DTX2P1-UPK3BP1-PMS2P11,GWAS Catalog mapped locus,3,3,1,1e-52,39024449,No,screened; not in final 50,Catalog mapped gene is not necessarily causal; noncoding mappings remain in broad pool.
DUSP6,GWAS Catalog mapped locus,1,1,1,1e-14,39789286,No,screened; not in final 50,Catalog mapped gene is not necessarily causal; noncoding mappings remain in broad pool.
E2F7,GWAS Catalog mapped locus,1,1,1,5.999999999999999e-24,39024449,No,screened; not in final 50,Catalog mapped gene is not necessarily causal; noncoding mappings remain in broad pool.
EBF1,GWAS Catalog mapped locus,1,1,1,3e-11,39024449,No,screened; not in final 50,Catalog mapped gene is not necessarily causal; noncoding mappings remain in broad pool.
ECE2,GWAS Catalog mapped locus,3,3,1,2e-53,39024449,No,screened; not in final 50,Catalog mapped gene is not necessarily causal; noncoding mappings remain in broad pool.
EEF1AKMT4-ECE2,GWAS Catalog mapped locus,3,3,1,2e-53,39024449,No,screened; not in final 50,Catalog mapped gene is not necessarily causal; noncoding mappings remain in broad pool.
EEF1B2P5,GWAS Catalog mapped locus,1,1,1,4e-11,39024449,No,screened; not in final 50,Catalog mapped gene is not necessarily causal; noncoding mappings remain in broad pool.
EIF4BP4,GWAS Catalog mapped locus,3,3,1,2e-21,39024449,No,screened; not in final 50,Catalog mapped gene is not necessarily causal; noncoding mappings remain in broad pool.
ERBB4,GWAS Catalog mapped locus,2,2,1,1e-12,39024449,No,screened; not in final 50,Catalog mapped gene is not necessarily causal; noncoding mappings remain in broad pool.
ETS2-AS1,GWAS Catalog mapped locus,3,3,1,2e-21,39024449,No,screened; not in final 50,Catalog mapped gene is not necessarily causal; noncoding mappings remain in broad pool.
ETV5,GWAS Catalog mapped locus,2,2,1,2e-45,39024449,Yes,selected,Catalog mapped gene is not necessarily causal; noncoding mappings remain in broad pool.
EXD3,GWAS Catalog mapped locus,3,3,1,7e-15,39024449,No,screened; not in final 50,Catalog mapped gene is not necessarily causal; noncoding mappings remain in broad pool.
EZRP1,GWAS Catalog mapped locus,1,1,1,1e-13,39024449,No,screened; not in final 50,Catalog mapped gene is not necessarily causal; noncoding mappings remain in broad pool.
FAIM2,GWAS Catalog mapped locus,4,4,1,1e-104,39024449,Yes,selected,Catalog mapped gene is not necessarily causal; noncoding mappings remain in broad pool.
FBF1,GWAS Catalog mapped locus,3,3,1,3.0000000000000002e-15,39024449,No,screened; not in final 50,Catalog mapped gene is not necessarily causal; noncoding mappings remain in broad pool.
FECHP1,GWAS Catalog mapped locus,1,1,1,3e-11,39024449,No,screened; not in final 50,Catalog mapped gene is not necessarily causal; noncoding mappings remain in broad pool.
FGF19,GWAS Catalog mapped locus,3,3,1,2e-17,39024449,Yes,selected,Catalog mapped gene is not necessarily causal; noncoding mappings remain in broad pool.
FHIT,GWAS Catalog mapped locus,2,2,1,4e-17,39024449,No,screened; not in final 50,Catalog mapped gene is not necessarily causal; noncoding mappings remain in broad pool.
FIBCD1,GWAS Catalog mapped locus,2,2,1,5e-13,39024449,No,screened; not in final 50,Catalog mapped gene is not necessarily causal; noncoding mappings remain in broad pool.
FTO,GWAS Catalog mapped locus,6,6,2,1e-323,38710707; 39024449,Yes,selected,Catalog mapped gene is not necessarily causal; noncoding mappings remain in broad pool.
GABRA2,GWAS Catalog mapped locus,1,1,1,3e-11,39024449,No,screened; not in final 50,Catalog mapped gene is not necessarily causal; noncoding mappings remain in broad pool.
GABRG1,GWAS Catalog mapped locus,1,1,1,3e-11,39024449,No,screened; not in final 50,Catalog mapped gene is not necessarily causal; noncoding mappings remain in broad pool.
GCKR,GWAS Catalog mapped locus,1,1,1,8e-20,39024449,No,screened; not in final 50,Catalog mapped gene is not necessarily causal; noncoding mappings remain in broad pool.
GGNBP2,GWAS Catalog mapped locus,2,2,1,2e-18,39024449,No,screened; not in final 50,Catalog mapped gene is not necessarily causal; noncoding mappings remain in broad pool.
GHSR,GWAS Catalog mapped locus,1,1,1,5e-27,39024449,No,screened; not in final 50,Catalog mapped gene is not necessarily causal; noncoding mappings remain in broad pool.
GIPC2,GWAS Catalog mapped locus,3,3,1,2e-94,39024449,No,screened; not in final 50,Catalog mapped gene is not necessarily causal; noncoding mappings remain in broad pool.
GIPR,GWAS Catalog mapped locus,5,5,2,2e-72,38710707; 39024449,Yes,selected,Catalog mapped gene is not necessarily causal; noncoding mappings remain in broad pool.
GNGT1,GWAS Catalog mapped locus,1,1,1,8e-15,39024449,No,screened; not in final 50,Catalog mapped gene is not necessarily causal; noncoding mappings remain in broad pool.
GNPDA2,GWAS Catalog mapped locus,0,0,0,,,Yes,selected,Curated literature addition; not present in bounded Catalog sample.
GPR139,GWAS Catalog mapped locus,3,3,1,3.0000000000000002e-18,39024449,No,screened; not in final 50,Catalog mapped gene is not necessarily causal; noncoding mappings remain in broad pool.
GPR61,GWAS Catalog mapped locus,3,3,1,1e-23,39024449,No,screened; not in final 50,Catalog mapped gene is not necessarily causal; noncoding mappings remain in broad pool.
GPR75,curated monogenic/rare coding obesity literature,0,0,0,,,Yes,selected,Curated literature addition; not present in bounded Catalog sample.
GPR78,GWAS Catalog mapped locus,1,1,1,2e-12,39024449,No,screened; not in final 50,Catalog mapped gene is not necessarily causal; noncoding mappings remain in broad pool.
GPRC5B,GWAS Catalog mapped locus,1,1,1,1e-14,39024449,No,screened; not in final 50,Catalog mapped gene is not necessarily causal; noncoding mappings remain in broad pool.
GPSM1,GWAS Catalog mapped locus,1,1,1,1e-15,39024449,No,screened; not in final 50,Catalog mapped gene is not necessarily causal; noncoding mappings remain in broad pool.
GRP,GWAS Catalog mapped locus,3,3,1,2.9999999999999995e-21,39024449,No,screened; not in final 50,Catalog mapped gene is not necessarily causal; noncoding mappings remain in broad pool.
GTF2IRD2,GWAS Catalog mapped locus,1,1,1,8e-15,39024449,No,screened; not in final 50,Catalog mapped gene is not necessarily causal; noncoding mappings remain in broad pool.
H1-4,GWAS Catalog mapped locus,1,1,1,7e-22,39789286,No,screened; not in final 50,Catalog mapped gene is not necessarily causal; noncoding mappings remain in broad pool.
H2AC6,GWAS Catalog mapped locus,1,1,1,7e-22,39789286,No,screened; not in final 50,Catalog mapped gene is not necessarily causal; noncoding mappings remain in broad pool.
H2BC8,GWAS Catalog mapped locus,1,1,1,2e-46,39024449,No,screened; not in final 50,Catalog mapped gene is not necessarily causal; noncoding mappings remain in broad pool.
H4C5,GWAS Catalog mapped locus,1,1,1,2e-46,39024449,No,screened; not in final 50,Catalog mapped gene is not necessarily causal; noncoding mappings remain in broad pool.
HHIP,GWAS Catalog mapped locus,1,1,1,1e-60,39024449,No,screened; not in final 50,Catalog mapped gene is not necessarily causal; noncoding mappings remain in broad pool.
HIVEP1,GWAS Catalog mapped locus,2,2,1,5e-12,39024449,No,screened; not in final 50,Catalog mapped gene is not necessarily causal; noncoding mappings remain in broad pool.
HMGA2,GWAS Catalog mapped locus,3,3,1,3e-143,39024449,Yes,selected,Catalog mapped gene is not necessarily causal; noncoding mappings remain in broad pool.
HMGB3P17,GWAS Catalog mapped locus,2,2,1,4e-13,39024449,No,screened; not in final 50,Catalog mapped gene is not necessarily causal; noncoding mappings remain in broad pool.
HMGN1P19,GWAS Catalog mapped locus,1,1,1,7e-14,39024449,No,screened; not in final 50,Catalog mapped gene is not necessarily causal; noncoding mappings remain in broad pool.
HNF4G,GWAS Catalog mapped locus,1,1,1,2e-13,39024449,No,screened; not in final 50,Catalog mapped gene is not necessarily causal; noncoding mappings remain in broad pool.
HNRNPA3P5,GWAS Catalog mapped locus,4,4,1,2e-30,39024449,No,screened; not in final 50,Catalog mapped gene is not necessarily causal; noncoding mappings remain in broad pool.
HOXB-AS3,GWAS Catalog mapped locus,3,3,1,6e-23,39024449,No,screened; not in final 50,Catalog mapped gene is not necessarily causal; noncoding mappings remain in broad pool.
HOXB3,GWAS Catalog mapped locus,3,3,1,6e-23,39024449,No,screened; not in final 50,Catalog mapped gene is not necessarily causal; noncoding mappings remain in broad pool.
HOXB5,GWAS Catalog mapped locus,3,3,1,6e-23,39024449,No,screened; not in final 50,Catalog mapped gene is not necessarily causal; noncoding mappings remain in broad pool.
HSD17B6,GWAS Catalog mapped locus,1,1,1,2e-17,39024449,No,screened; not in final 50,Catalog mapped gene is not necessarily causal; noncoding mappings remain in broad pool.
ID4,GWAS Catalog mapped locus,1,1,1,2e-26,39024449,No,screened; not in final 50,Catalog mapped gene is not necessarily causal; noncoding mappings remain in broad pool.
IGF2,GWAS Catalog mapped locus,1,1,1,5e-28,39024449,No,screened; not in final 50,Catalog mapped gene is not necessarily causal; noncoding mappings remain in broad pool.
IGF2-AS,GWAS Catalog mapped locus,1,1,1,5e-28,39024449,No,screened; not in final 50,Catalog mapped gene is not necessarily causal; noncoding mappings remain in broad pool.
IGF2BP2,GWAS Catalog mapped locus,1,1,1,5e-66,39024449,No,screened; not in final 50,Catalog mapped gene is not necessarily causal; noncoding mappings remain in broad pool.
IL17RC,GWAS Catalog mapped locus,1,1,1,1e-30,39024449,No,screened; not in final 50,Catalog mapped gene is not necessarily causal; noncoding mappings remain in broad pool.
INS-IGF2,GWAS Catalog mapped locus,1,1,1,5e-28,39024449,No,screened; not in final 50,Catalog mapped gene is not necessarily causal; noncoding mappings remain in broad pool.
IPO9,GWAS Catalog mapped locus,2,2,1,1e-13,39024449,No,screened; not in final 50,Catalog mapped gene is not necessarily causal; noncoding mappings remain in broad pool.
IQSEC1,GWAS Catalog mapped locus,2,2,1,2e-11,42586059,No,screened; not in final 50,Catalog mapped gene is not necessarily causal; noncoding mappings remain in broad pool.
IRAIN,GWAS Catalog mapped locus,1,1,1,5e-39,39024449,No,screened; not in final 50,Catalog mapped gene is not necessarily causal; noncoding mappings remain in broad pool.
JAK2,GWAS Catalog mapped locus,2,2,1,2e-12,39024449,No,screened; not in final 50,Catalog mapped gene is not necessarily causal; noncoding mappings remain in broad pool.
JAZF1,GWAS Catalog mapped locus,2,2,1,2e-15,39024449,No,screened; not in final 50,Catalog mapped gene is not necessarily causal; noncoding mappings remain in broad pool.
KCNE4,GWAS Catalog mapped locus,1,1,1,2e-12,39024449,No,screened; not in final 50,Catalog mapped gene is not necessarily causal; noncoding mappings remain in broad pool.
KCNJ11,GWAS Catalog mapped locus,2,2,1,9e-12,39024449,No,screened; not in final 50,Catalog mapped gene is not necessarily causal; noncoding mappings remain in broad pool.
KCNJ12,GWAS Catalog mapped locus,1,1,1,8e-23,39789286,No,screened; not in final 50,Catalog mapped gene is not necessarily causal; noncoding mappings remain in broad pool.
KCNK3,GWAS Catalog mapped locus,1,1,1,2e-11,39024449,No,screened; not in final 50,Catalog mapped gene is not necessarily causal; noncoding mappings remain in broad pool.
KCNMB2,GWAS Catalog mapped locus,1,1,1,4e-11,39024449,No,screened; not in final 50,Catalog mapped gene is not necessarily causal; noncoding mappings remain in broad pool.
KCNQ5,GWAS Catalog mapped locus,1,1,1,1e-11,39024449,No,screened; not in final 50,Catalog mapped gene is not necessarily causal; noncoding mappings remain in broad pool.
KCTD15,GWAS Catalog mapped locus,3,3,1,2e-17,39024449,Yes,selected,Catalog mapped gene is not necessarily causal; noncoding mappings remain in broad pool.
KCTD8,GWAS Catalog mapped locus,1,1,1,4e-12,39024449,No,screened; not in final 50,Catalog mapped gene is not necessarily causal; noncoding mappings remain in broad pool.
KDM2A,GWAS Catalog mapped locus,1,1,1,5e-39,39024449,No,screened; not in final 50,Catalog mapped gene is not necessarily causal; noncoding mappings remain in broad pool.
KLF14,GWAS Catalog mapped locus,2,2,2,4e-15,38710707; 39789286,No,screened; not in final 50,Catalog mapped gene is not necessarily causal; noncoding mappings remain in broad pool.
KLF3,GWAS Catalog mapped locus,1,1,1,4e-13,39024449,No,screened; not in final 50,Catalog mapped gene is not necessarily causal; noncoding mappings remain in broad pool.
KLF3-AS1,GWAS Catalog mapped locus,1,1,1,3e-11,39024449,No,screened; not in final 50,Catalog mapped gene is not necessarily causal; noncoding mappings remain in broad pool.
KLHL24,GWAS Catalog mapped locus,1,1,1,2e-11,39024449,No,screened; not in final 50,Catalog mapped gene is not necessarily causal; noncoding mappings remain in broad pool.
KNTC1,GWAS Catalog mapped locus,3,3,1,2.9999999999999997e-44,39024449,No,screened; not in final 50,Catalog mapped gene is not necessarily causal; noncoding mappings remain in broad pool.
KRT8P18,GWAS Catalog mapped locus,1,1,1,3e-11,39024449,No,screened; not in final 50,Catalog mapped gene is not necessarily causal; noncoding mappings remain in broad pool.
KSR2,curated monogenic/rare coding obesity literature,0,0,0,,,Yes,selected,Curated literature addition; not present in bounded Catalog sample.
L3MBTL3,GWAS Catalog mapped locus,1,1,1,3e-84,39024449,No,screened; not in final 50,Catalog mapped gene is not necessarily causal; noncoding mappings remain in broad pool.
LCORL,GWAS Catalog mapped locus,1,1,1,3e-16,39789286,No,screened; not in final 50,Catalog mapped gene is not necessarily causal; noncoding mappings remain in broad pool.
LEP,curated monogenic/rare coding obesity literature,0,0,0,,,Yes,selected,Curated literature addition; not present in bounded Catalog sample.
LEPR,curated monogenic/rare coding obesity literature,0,0,0,,,Yes,selected,Curated literature addition; not present in bounded Catalog sample.
LINC-PINT,GWAS Catalog mapped locus,2,2,2,4e-15,38710707; 39789286,No,screened; not in final 50,Catalog mapped gene is not necessarily causal; noncoding mappings remain in broad pool.
LINC00351,GWAS Catalog mapped locus,1,1,1,2e-12,39789286,No,screened; not in final 50,Catalog mapped gene is not necessarily causal; noncoding mappings remain in broad pool.
LINC00470,GWAS Catalog mapped locus,3,3,1,5e-19,39024449,No,screened; not in final 50,Catalog mapped gene is not necessarily causal; noncoding mappings remain in broad pool.
LINC00558,GWAS Catalog mapped locus,3,3,1,3e-26,39024449,No,screened; not in final 50,Catalog mapped gene is not necessarily causal; noncoding mappings remain in broad pool.
LINC00598,GWAS Catalog mapped locus,1,1,1,8e-12,39024449,No,screened; not in final 50,Catalog mapped gene is not necessarily causal; noncoding mappings remain in broad pool.
LINC00880,GWAS Catalog mapped locus,1,1,1,2e-09,38710707,No,screened; not in final 50,Catalog mapped gene is not necessarily causal; noncoding mappings remain in broad pool.
LINC00910,GWAS Catalog mapped locus,1,1,1,4e-11,39024449,No,screened; not in final 50,Catalog mapped gene is not necessarily causal; noncoding mappings remain in broad pool.
LINC00922,GWAS Catalog mapped locus,3,3,1,6e-14,39024449,No,screened; not in final 50,Catalog mapped gene is not necessarily causal; noncoding mappings remain in broad pool.
LINC00971,GWAS Catalog mapped locus,1,1,1,5e-12,39789286,No,screened; not in final 50,Catalog mapped gene is not necessarily causal; noncoding mappings remain in broad pool.
LINC01014,GWAS Catalog mapped locus,1,1,1,4e-11,39024449,No,screened; not in final 50,Catalog mapped gene is not necessarily causal; noncoding mappings remain in broad pool.
LINC01111,GWAS Catalog mapped locus,2,2,2,2e-16,39024449; 39789286,No,screened; not in final 50,Catalog mapped gene is not necessarily causal; noncoding mappings remain in broad pool.
LINC01122,GWAS Catalog mapped locus,2,2,1,8e-20,39024449,No,screened; not in final 50,Catalog mapped gene is not necessarily causal; noncoding mappings remain in broad pool.
LINC01440,GWAS Catalog mapped locus,3,3,1,6e-16,39024449,No,screened; not in final 50,Catalog mapped gene is not necessarily causal; noncoding mappings remain in broad pool.
LINC01524,GWAS Catalog mapped locus,1,1,1,3e-11,39024449,No,screened; not in final 50,Catalog mapped gene is not necessarily causal; noncoding mappings remain in broad pool.
LINC01541,GWAS Catalog mapped locus,2,2,1,2e-11,39024449,No,screened; not in final 50,Catalog mapped gene is not necessarily causal; noncoding mappings remain in broad pool.
LINC01569,GWAS Catalog mapped locus,1,1,1,3e-12,39789286,No,screened; not in final 50,Catalog mapped gene is not necessarily causal; noncoding mappings remain in broad pool.
LINC01613,GWAS Catalog mapped locus,1,1,1,4e-11,39024449,No,screened; not in final 50,Catalog mapped gene is not necessarily causal; noncoding mappings remain in broad pool.
LINC01623,GWAS Catalog mapped locus,1,1,1,3e-10,38710707,No,screened; not in final 50,Catalog mapped gene is not necessarily causal; noncoding mappings remain in broad pool.
LINC01713,GWAS Catalog mapped locus,3,3,1,3e-16,39024449,No,screened; not in final 50,Catalog mapped gene is not necessarily causal; noncoding mappings remain in broad pool.
LINC01735,GWAS Catalog mapped locus,1,1,1,3e-11,39024449,No,screened; not in final 50,Catalog mapped gene is not necessarily causal; noncoding mappings remain in broad pool.
LINC01741,GWAS Catalog mapped locus,5,5,2,8e-58,39024449; 41206923,No,screened; not in final 50,Catalog mapped gene is not necessarily causal; noncoding mappings remain in broad pool.
LINC01812,GWAS Catalog mapped locus,1,1,1,1e-12,39024449,No,screened; not in final 50,Catalog mapped gene is not necessarily causal; noncoding mappings remain in broad pool.
LINC01830,GWAS Catalog mapped locus,1,1,1,3e-11,39024449,No,screened; not in final 50,Catalog mapped gene is not necessarily causal; noncoding mappings remain in broad pool.
LINC01833,GWAS Catalog mapped locus,2,2,1,4e-12,39024449,No,screened; not in final 50,Catalog mapped gene is not necessarily causal; noncoding mappings remain in broad pool.
LINC01865,GWAS Catalog mapped locus,1,1,1,2e-14,38710707,No,screened; not in final 50,Catalog mapped gene is not necessarily causal; noncoding mappings remain in broad pool.
LINC01875,GWAS Catalog mapped locus,4,4,3,6e-88,38710707; 39024449; 41206923,No,screened; not in final 50,Catalog mapped gene is not necessarily causal; noncoding mappings remain in broad pool.
LINC01878,GWAS Catalog mapped locus,2,2,1,1e-12,39024449,No,screened; not in final 50,Catalog mapped gene is not necessarily causal; noncoding mappings remain in broad pool.
LINC01893,GWAS Catalog mapped locus,1,1,1,3e-11,39024449,No,screened; not in final 50,Catalog mapped gene is not necessarily causal; noncoding mappings remain in broad pool.
LINC01898,GWAS Catalog mapped locus,1,1,1,3e-11,39024449,No,screened; not in final 50,Catalog mapped gene is not necessarily causal; noncoding mappings remain in broad pool.
LINC01916,GWAS Catalog mapped locus,1,1,1,3.0000000000000002e-18,39024449,No,screened; not in final 50,Catalog mapped gene is not necessarily causal; noncoding mappings remain in broad pool.
LINC01994,GWAS Catalog mapped locus,2,2,1,3.0000000000000002e-18,39024449,No,screened; not in final 50,Catalog mapped gene is not necessarily causal; noncoding mappings remain in broad pool.
LINC02306,GWAS Catalog mapped locus,5,5,2,1e-32,39024449; 39789286,No,screened; not in final 50,Catalog mapped gene is not necessarily causal; noncoding mappings remain in broad pool.
LINC02327,GWAS Catalog mapped locus,3,3,2,6.0000000000000005e-15,39024449; 39789286,No,screened; not in final 50,Catalog mapped gene is not necessarily causal; noncoding mappings remain in broad pool.
LINC02406,GWAS Catalog mapped locus,1,1,1,8e-12,39024449,No,screened; not in final 50,Catalog mapped gene is not necessarily causal; noncoding mappings remain in broad pool.
LINC02465,GWAS Catalog mapped locus,2,2,1,6e-19,39024449,No,screened; not in final 50,Catalog mapped gene is not necessarily causal; noncoding mappings remain in broad pool.
LINC02466,GWAS Catalog mapped locus,2,2,1,6e-19,39024449,No,screened; not in final 50,Catalog mapped gene is not necessarily causal; noncoding mappings remain in broad pool.
LINC02490,GWAS Catalog mapped locus,3,3,1,8e-15,39024449,No,screened; not in final 50,Catalog mapped gene is not necessarily causal; noncoding mappings remain in broad pool.
LINC02537,GWAS Catalog mapped locus,3,2,1,2e-11,41314110,No,screened; not in final 50,Catalog mapped gene is not necessarily causal; noncoding mappings remain in broad pool.
LINC02609,GWAS Catalog mapped locus,2,2,1,1e-22,39024449,No,screened; not in final 50,Catalog mapped gene is not necessarily causal; noncoding mappings remain in broad pool.
LINC02694,GWAS Catalog mapped locus,2,2,1,8e-13,39024449,No,screened; not in final 50,Catalog mapped gene is not necessarily causal; noncoding mappings remain in broad pool.
LINC02742,GWAS Catalog mapped locus,2,2,1,3e-14,39024449,No,screened; not in final 50,Catalog mapped gene is not necessarily causal; noncoding mappings remain in broad pool.
LINC02758,GWAS Catalog mapped locus,1,1,1,3e-14,39024449,No,screened; not in final 50,Catalog mapped gene is not necessarily causal; noncoding mappings remain in broad pool.
LINC02796,GWAS Catalog mapped locus,3,3,1,6e-61,39024449,No,screened; not in final 50,Catalog mapped gene is not necessarily causal; noncoding mappings remain in broad pool.
LINC02831,GWAS Catalog mapped locus,1,1,1,1e-12,39024449,No,screened; not in final 50,Catalog mapped gene is not necessarily causal; noncoding mappings remain in broad pool.
LINC02853,GWAS Catalog mapped locus,1,1,1,1e-09,42586059,No,screened; not in final 50,Catalog mapped gene is not necessarily causal; noncoding mappings remain in broad pool.
LINC03111,GWAS Catalog mapped locus,6,6,2,4e-154,38710707; 39024449,No,screened; not in final 50,Catalog mapped gene is not necessarily causal; noncoding mappings remain in broad pool.
LINGO2,GWAS Catalog mapped locus,3,3,1,2.9999999999999996e-49,39024449,Yes,selected,Catalog mapped gene is not necessarily causal; noncoding mappings remain in broad pool.
LMX1B,GWAS Catalog mapped locus,3,3,1,2e-17,39024449,No,screened; not in final 50,Catalog mapped gene is not necessarily causal; noncoding mappings remain in broad pool.
LNC-LBCS,GWAS Catalog mapped locus,1,1,1,2e-26,39024449,No,screened; not in final 50,Catalog mapped gene is not necessarily causal; noncoding mappings remain in broad pool.
LRFN2,GWAS Catalog mapped locus,2,2,1,2e-18,39024449,No,screened; not in final 50,Catalog mapped gene is not necessarily causal; noncoding mappings remain in broad pool.
LTO1,GWAS Catalog mapped locus,3,3,1,2e-17,39024449,No,screened; not in final 50,Catalog mapped gene is not necessarily causal; noncoding mappings remain in broad pool.
LYPLAL1-AS1,GWAS Catalog mapped locus,14,6,3,2e-37,38710707; 39024449; 41314110,No,screened; not in final 50,Catalog mapped gene is not necessarily causal; noncoding mappings remain in broad pool.
LYZL4,GWAS Catalog mapped locus,3,3,1,2e-21,39024449,No,screened; not in final 50,Catalog mapped gene is not necessarily causal; noncoding mappings remain in broad pool.
MACF1,GWAS Catalog mapped locus,1,1,1,2e-11,39024449,No,screened; not in final 50,Catalog mapped gene is not necessarily causal; noncoding mappings remain in broad pool.
MACROD2,GWAS Catalog mapped locus,4,4,1,3e-23,39024449,No,screened; not in final 50,Catalog mapped gene is not necessarily causal; noncoding mappings remain in broad pool.
MAD1L1,GWAS Catalog mapped locus,1,1,1,2e-11,39024449,No,screened; not in final 50,Catalog mapped gene is not necessarily causal; noncoding mappings remain in broad pool.
MAFF,GWAS Catalog mapped locus,1,1,1,2e-08,41314110,No,screened; not in final 50,Catalog mapped gene is not necessarily causal; noncoding mappings remain in broad pool.
MAGI2,GWAS Catalog mapped locus,1,1,1,3e-12,39024449,No,screened; not in final 50,Catalog mapped gene is not necessarily causal; noncoding mappings remain in broad pool.
MAML2,GWAS Catalog mapped locus,1,1,1,2e-08,41314110,No,screened; not in final 50,Catalog mapped gene is not necessarily causal; noncoding mappings remain in broad pool.
MAP2K5,GWAS Catalog mapped locus,4,4,1,2e-45,39024449,Yes,selected,Catalog mapped gene is not necessarily causal; noncoding mappings remain in broad pool.
MAPT,GWAS Catalog mapped locus,1,1,1,1e-11,39024449,No,screened; not in final 50,Catalog mapped gene is not necessarily causal; noncoding mappings remain in broad pool.
MARK3,GWAS Catalog mapped locus,1,1,1,4e-22,39024449,No,screened; not in final 50,Catalog mapped gene is not necessarily causal; noncoding mappings remain in broad pool.
MC3R,curated monogenic/rare coding obesity literature,0,0,0,,,Yes,selected,Curated literature addition; not present in bounded Catalog sample.
MC4R,GWAS Catalog mapped locus; curated monogenic/rare coding obesity literature,2,2,2,5e-78,39789286; 41206923,Yes,selected,Catalog mapped gene is not necessarily causal; noncoding mappings remain in broad pool.
MCM6,GWAS Catalog mapped locus,3,3,1,1e-65,39024449,Yes,selected,Catalog mapped gene is not necessarily causal; noncoding mappings remain in broad pool.
MDGA2,GWAS Catalog mapped locus,1,1,1,3.0000000000000003e-13,39024449,No,screened; not in final 50,Catalog mapped gene is not necessarily causal; noncoding mappings remain in broad pool.
MEG9,GWAS Catalog mapped locus,3,3,1,5e-14,39024449,No,screened; not in final 50,Catalog mapped gene is not necessarily causal; noncoding mappings remain in broad pool.
MFAP3,GWAS Catalog mapped locus,2,2,1,1e-25,39024449,No,screened; not in final 50,Catalog mapped gene is not necessarily causal; noncoding mappings remain in broad pool.
MGA,GWAS Catalog mapped locus,3,3,1,4e-19,39024449,No,screened; not in final 50,Catalog mapped gene is not necessarily causal; noncoding mappings remain in broad pool.
MIR412,GWAS Catalog mapped locus,3,3,1,5e-14,39024449,No,screened; not in final 50,Catalog mapped gene is not necessarily causal; noncoding mappings remain in broad pool.
MIR4432HG,GWAS Catalog mapped locus,2,2,1,4e-18,39024449,No,screened; not in final 50,Catalog mapped gene is not necessarily causal; noncoding mappings remain in broad pool.
MIR5702,GWAS Catalog mapped locus,6,4,2,9e-21,39024449; 41314110,No,screened; not in final 50,Catalog mapped gene is not necessarily causal; noncoding mappings remain in broad pool.
MIR6074,GWAS Catalog mapped locus,1,1,1,1e-11,39024449,No,screened; not in final 50,Catalog mapped gene is not necessarily causal; noncoding mappings remain in broad pool.
MIR9-2HG,GWAS Catalog mapped locus,3,3,1,1e-33,39024449,No,screened; not in final 50,Catalog mapped gene is not necessarily causal; noncoding mappings remain in broad pool.
MLLT10,GWAS Catalog mapped locus,1,1,1,5e-12,39024449,No,screened; not in final 50,Catalog mapped gene is not necessarily causal; noncoding mappings remain in broad pool.
MPPED2,GWAS Catalog mapped locus,2,2,1,6.0000000000000004e-18,39024449,No,screened; not in final 50,Catalog mapped gene is not necessarily causal; noncoding mappings remain in broad pool.
MRAP2,curated monogenic/rare coding obesity literature,0,0,0,,,Yes,selected,Curated literature addition; not present in bounded Catalog sample.
MST1R,GWAS Catalog mapped locus,1,1,1,3e-32,39789286,No,screened; not in final 50,Catalog mapped gene is not necessarily causal; noncoding mappings remain in broad pool.
MTMR3,GWAS Catalog mapped locus,1,1,1,1e-09,41314110,No,screened; not in final 50,Catalog mapped gene is not necessarily causal; noncoding mappings remain in broad pool.
MTND4P12,GWAS Catalog mapped locus,1,1,1,4e-08,41314110,No,screened; not in final 50,Catalog mapped gene is not necessarily causal; noncoding mappings remain in broad pool.
MYEOV,GWAS Catalog mapped locus,2,1,1,3.0000000000000004e-09,41314110,No,screened; not in final 50,Catalog mapped gene is not necessarily causal; noncoding mappings remain in broad pool.
MYO19,GWAS Catalog mapped locus,1,1,1,1e-14,39024449,No,screened; not in final 50,Catalog mapped gene is not necessarily causal; noncoding mappings remain in broad pool.
Metazoa_SRP,GWAS Catalog mapped locus,1,1,1,3e-16,39024449,No,screened; not in final 50,Catalog mapped gene is not necessarily causal; noncoding mappings remain in broad pool.
NAGLU,GWAS Catalog mapped locus,1,1,1,1e-14,39024449,No,screened; not in final 50,Catalog mapped gene is not necessarily causal; noncoding mappings remain in broad pool.
NCAM1-AS2,GWAS Catalog mapped locus,1,1,1,2e-12,39024449,No,screened; not in final 50,Catalog mapped gene is not necessarily causal; noncoding mappings remain in broad pool.
NCOA6,GWAS Catalog mapped locus,2,2,1,1e-11,39024449,No,screened; not in final 50,Catalog mapped gene is not necessarily causal; noncoding mappings remain in broad pool.
NCR3LG1,GWAS Catalog mapped locus,2,2,1,9e-12,39024449,No,screened; not in final 50,Catalog mapped gene is not necessarily causal; noncoding mappings remain in broad pool.
NDUFS5P2,GWAS Catalog mapped locus,2,2,1,4e-25,39024449,No,screened; not in final 50,Catalog mapped gene is not necessarily causal; noncoding mappings remain in broad pool.
NEGR1,GWAS Catalog mapped locus,0,0,0,,,Yes,selected,Curated literature addition; not present in bounded Catalog sample.
NFAT5,GWAS Catalog mapped locus,1,1,1,8e-18,39789286,No,screened; not in final 50,Catalog mapped gene is not necessarily causal; noncoding mappings remain in broad pool.
NOP56P1,GWAS Catalog mapped locus,1,1,1,3e-10,38710707,No,screened; not in final 50,Catalog mapped gene is not necessarily causal; noncoding mappings remain in broad pool.
NPC1,GWAS Catalog mapped locus,3,3,1,4e-14,39024449,Yes,selected,Catalog mapped gene is not necessarily causal; noncoding mappings remain in broad pool.
NRXN3,GWAS Catalog mapped locus,3,3,1,1e-36,39024449,Yes,selected,Catalog mapped gene is not necessarily causal; noncoding mappings remain in broad pool.
NSUN3,GWAS Catalog mapped locus,1,1,1,4e-11,39024449,No,screened; not in final 50,Catalog mapped gene is not necessarily causal; noncoding mappings remain in broad pool.
NT5C2,GWAS Catalog mapped locus,2,2,1,2e-22,39024449,No,screened; not in final 50,Catalog mapped gene is not necessarily causal; noncoding mappings remain in broad pool.
NT5DC2,GWAS Catalog mapped locus,1,1,1,1e-19,39024449,No,screened; not in final 50,Catalog mapped gene is not necessarily causal; noncoding mappings remain in broad pool.
NTAN1,GWAS Catalog mapped locus,4,4,1,1e-42,39024449,No,screened; not in final 50,Catalog mapped gene is not necessarily causal; noncoding mappings remain in broad pool.
NTNG1,GWAS Catalog mapped locus,2,2,1,3e-16,39024449,No,screened; not in final 50,Catalog mapped gene is not necessarily causal; noncoding mappings remain in broad pool.
NUCKS1,GWAS Catalog mapped locus,1,1,1,1e-38,39024449,No,screened; not in final 50,Catalog mapped gene is not necessarily causal; noncoding mappings remain in broad pool.
NUDT3,GWAS Catalog mapped locus,1,1,1,2e-11,39024449,No,screened; not in final 50,Catalog mapped gene is not necessarily causal; noncoding mappings remain in broad pool.
NUP160,GWAS Catalog mapped locus,2,2,1,3e-27,39024449,No,screened; not in final 50,Catalog mapped gene is not necessarily causal; noncoding mappings remain in broad pool.
NYAP2,GWAS Catalog mapped locus,6,4,2,9e-21,39024449; 41314110,No,screened; not in final 50,Catalog mapped gene is not necessarily causal; noncoding mappings remain in broad pool.
OR7K1P,GWAS Catalog mapped locus,5,5,2,1e-32,39024449; 39789286,No,screened; not in final 50,Catalog mapped gene is not necessarily causal; noncoding mappings remain in broad pool.
OTOL1,GWAS Catalog mapped locus,1,1,1,2e-11,39024449,No,screened; not in final 50,Catalog mapped gene is not necessarily causal; noncoding mappings remain in broad pool.
PAM,GWAS Catalog mapped locus,1,1,1,2e-21,39024449,No,screened; not in final 50,Catalog mapped gene is not necessarily causal; noncoding mappings remain in broad pool.
PANK4,GWAS Catalog mapped locus,3,3,1,4e-23,39024449,No,screened; not in final 50,Catalog mapped gene is not necessarily causal; noncoding mappings remain in broad pool.
PATJ,GWAS Catalog mapped locus,1,1,1,1e-11,39024449,No,screened; not in final 50,Catalog mapped gene is not necessarily causal; noncoding mappings remain in broad pool.
PAX2,GWAS Catalog mapped locus,1,1,1,3e-16,39024449,No,screened; not in final 50,Catalog mapped gene is not necessarily causal; noncoding mappings remain in broad pool.
PBX2,GWAS Catalog mapped locus,1,1,1,8e-10,38710707,No,screened; not in final 50,Catalog mapped gene is not necessarily causal; noncoding mappings remain in broad pool.
PCBD2,GWAS Catalog mapped locus,1,1,1,4e-08,41314110,No,screened; not in final 50,Catalog mapped gene is not necessarily causal; noncoding mappings remain in broad pool.
PCGEM1,GWAS Catalog mapped locus,1,1,1,2e-15,39789286,No,screened; not in final 50,Catalog mapped gene is not necessarily causal; noncoding mappings remain in broad pool.
PCSK1,curated monogenic/rare coding obesity literature,0,0,0,,,Yes,selected,Curated literature addition; not present in bounded Catalog sample.
PDE11A,GWAS Catalog mapped locus,1,1,1,4e-12,39024449,No,screened; not in final 50,Catalog mapped gene is not necessarily causal; noncoding mappings remain in broad pool.
PDE11A-AS1,GWAS Catalog mapped locus,1,1,1,4e-12,39024449,No,screened; not in final 50,Catalog mapped gene is not necessarily causal; noncoding mappings remain in broad pool.
PDE3B,curated monogenic/rare coding obesity literature,0,0,0,,,Yes,selected,Curated literature addition; not present in bounded Catalog sample.
PDXDC1,GWAS Catalog mapped locus,4,4,1,1e-42,39024449,No,screened; not in final 50,Catalog mapped gene is not necessarily causal; noncoding mappings remain in broad pool.
PDXDC2P-NPIPB14P,GWAS Catalog mapped locus,3,3,1,2e-18,39024449,No,screened; not in final 50,Catalog mapped gene is not necessarily causal; noncoding mappings remain in broad pool.
PDZRN4,GWAS Catalog mapped locus,3,3,1,7e-15,39024449,No,screened; not in final 50,Catalog mapped gene is not necessarily causal; noncoding mappings remain in broad pool.
PDZRN4-AS1,GWAS Catalog mapped locus,1,1,1,2e-13,39024449,No,screened; not in final 50,Catalog mapped gene is not necessarily causal; noncoding mappings remain in broad pool.
PEMT,GWAS Catalog mapped locus,1,1,1,4e-08,41314110,No,screened; not in final 50,Catalog mapped gene is not necessarily causal; noncoding mappings remain in broad pool.
PEPD,GWAS Catalog mapped locus,4,1,1,1e-09,41314110,No,screened; not in final 50,Catalog mapped gene is not necessarily causal; noncoding mappings remain in broad pool.
PIK3R1,GWAS Catalog mapped locus,1,1,1,1e-16,39024449,No,screened; not in final 50,Catalog mapped gene is not necessarily causal; noncoding mappings remain in broad pool.
PKP4,GWAS Catalog mapped locus,1,1,1,2e-11,39024449,No,screened; not in final 50,Catalog mapped gene is not necessarily causal; noncoding mappings remain in broad pool.
PLA2G6,GWAS Catalog mapped locus,1,1,1,2e-08,41314110,No,screened; not in final 50,Catalog mapped gene is not necessarily causal; noncoding mappings remain in broad pool.
PLXNA2,GWAS Catalog mapped locus,1,1,1,3e-11,39024449,No,screened; not in final 50,Catalog mapped gene is not necessarily causal; noncoding mappings remain in broad pool.
PLXND1,GWAS Catalog mapped locus,2,1,1,9e-10,41314110,No,screened; not in final 50,Catalog mapped gene is not necessarily causal; noncoding mappings remain in broad pool.
POC1B,GWAS Catalog mapped locus,1,1,1,1e-14,39789286,No,screened; not in final 50,Catalog mapped gene is not necessarily causal; noncoding mappings remain in broad pool.
POC5,GWAS Catalog mapped locus,3,3,1,7e-28,39024449,No,screened; not in final 50,Catalog mapped gene is not necessarily causal; noncoding mappings remain in broad pool.
POLR3KP2,GWAS Catalog mapped locus,1,1,1,2e-12,39024449,No,screened; not in final 50,Catalog mapped gene is not necessarily causal; noncoding mappings remain in broad pool.
POM121C,GWAS Catalog mapped locus,2,2,1,9e-26,39024449,No,screened; not in final 50,Catalog mapped gene is not necessarily causal; noncoding mappings remain in broad pool.
POMC,curated monogenic/rare coding obesity literature,0,0,0,,,Yes,selected,Curated literature addition; not present in bounded Catalog sample.
PPARG,GWAS Catalog mapped locus,4,4,3,5e-28,38710707; 39024449; 39789286,Yes,selected,Catalog mapped gene is not necessarily causal; noncoding mappings remain in broad pool.
PPP1R3A,GWAS Catalog mapped locus,1,1,1,1e-11,39024449,No,screened; not in final 50,Catalog mapped gene is not necessarily causal; noncoding mappings remain in broad pool.
PRDX2P4,GWAS Catalog mapped locus,1,1,1,9e-13,39024449,No,screened; not in final 50,Catalog mapped gene is not necessarily causal; noncoding mappings remain in broad pool.
PRDX4P1,GWAS Catalog mapped locus,5,5,3,3e-78,38710707; 39024449; 41206923,No,screened; not in final 50,Catalog mapped gene is not necessarily causal; noncoding mappings remain in broad pool.
PRIM1,GWAS Catalog mapped locus,1,1,1,2e-17,39024449,No,screened; not in final 50,Catalog mapped gene is not necessarily causal; noncoding mappings remain in broad pool.
PRSS36,GWAS Catalog mapped locus,1,1,1,1e-11,39024449,No,screened; not in final 50,Catalog mapped gene is not necessarily causal; noncoding mappings remain in broad pool.
PRSS8,GWAS Catalog mapped locus,1,1,1,1e-11,39024449,No,screened; not in final 50,Catalog mapped gene is not necessarily causal; noncoding mappings remain in broad pool.
PSMA4,GWAS Catalog mapped locus,1,1,1,3.0000000000000003e-31,39024449,No,screened; not in final 50,Catalog mapped gene is not necessarily causal; noncoding mappings remain in broad pool.
PTP4A1,GWAS Catalog mapped locus,1,1,1,4e-11,39024449,No,screened; not in final 50,Catalog mapped gene is not necessarily causal; noncoding mappings remain in broad pool.
PTPRG,GWAS Catalog mapped locus,2,2,1,4e-17,39024449,No,screened; not in final 50,Catalog mapped gene is not necessarily causal; noncoding mappings remain in broad pool.
RAB27B,GWAS Catalog mapped locus,2,2,1,4e-15,39024449,No,screened; not in final 50,Catalog mapped gene is not necessarily causal; noncoding mappings remain in broad pool.
RAB29,GWAS Catalog mapped locus,1,1,1,1e-38,39024449,No,screened; not in final 50,Catalog mapped gene is not necessarily causal; noncoding mappings remain in broad pool.
RAI1,GWAS Catalog mapped locus,2,2,1,2e-16,39024449,No,screened; not in final 50,Catalog mapped gene is not necessarily causal; noncoding mappings remain in broad pool.
RALYL,GWAS Catalog mapped locus,3,3,1,3e-16,39024449,No,screened; not in final 50,Catalog mapped gene is not necessarily causal; noncoding mappings remain in broad pool.
RARB,GWAS Catalog mapped locus,2,2,1,9e-24,39024449,No,screened; not in final 50,Catalog mapped gene is not necessarily causal; noncoding mappings remain in broad pool.
RASA2,GWAS Catalog mapped locus,1,1,1,1e-11,39024449,No,screened; not in final 50,Catalog mapped gene is not necessarily causal; noncoding mappings remain in broad pool.
RASIP1,GWAS Catalog mapped locus,1,1,1,9e-26,39024449,No,screened; not in final 50,Catalog mapped gene is not necessarily causal; noncoding mappings remain in broad pool.
RFLNA,GWAS Catalog mapped locus,7,2,1,8e-13,41314110,No,screened; not in final 50,Catalog mapped gene is not necessarily causal; noncoding mappings remain in broad pool.
RFLNB,GWAS Catalog mapped locus,2,1,1,2e-08,41314110,No,screened; not in final 50,Catalog mapped gene is not necessarily causal; noncoding mappings remain in broad pool.
RNA5SP428,GWAS Catalog mapped locus,3,3,1,6e-14,39024449,No,screened; not in final 50,Catalog mapped gene is not necessarily causal; noncoding mappings remain in broad pool.
RNA5SP94,GWAS Catalog mapped locus,2,2,1,4e-18,39024449,No,screened; not in final 50,Catalog mapped gene is not necessarily causal; noncoding mappings remain in broad pool.
RNU1-89P,GWAS Catalog mapped locus,2,2,1,3e-17,39024449,No,screened; not in final 50,Catalog mapped gene is not necessarily causal; noncoding mappings remain in broad pool.
RNU2-54P,GWAS Catalog mapped locus,3,3,2,2e-16,39024449; 39789286,No,screened; not in final 50,Catalog mapped gene is not necessarily causal; noncoding mappings remain in broad pool.
RNU4-17P,GWAS Catalog mapped locus,7,7,3,4e-154,39024449; 39789286; 41206923,No,screened; not in final 50,Catalog mapped gene is not necessarily causal; noncoding mappings remain in broad pool.
ROBO1,curated monogenic/rare coding obesity literature,0,0,0,,,Yes,selected,Curated literature addition; not present in bounded Catalog sample.
RPL10L,GWAS Catalog mapped locus,1,1,1,3.0000000000000003e-13,39024449,No,screened; not in final 50,Catalog mapped gene is not necessarily causal; noncoding mappings remain in broad pool.
RPL12P30,GWAS Catalog mapped locus,2,2,1,6.0000000000000004e-18,39024449,No,screened; not in final 50,Catalog mapped gene is not necessarily causal; noncoding mappings remain in broad pool.
RPL35AP22,GWAS Catalog mapped locus,1,1,1,7e-12,39024449,No,screened; not in final 50,Catalog mapped gene is not necessarily causal; noncoding mappings remain in broad pool.
RPL7P9,GWAS Catalog mapped locus,2,2,1,4e-25,39024449,No,screened; not in final 50,Catalog mapped gene is not necessarily causal; noncoding mappings remain in broad pool.
RPS10-NUDT3,GWAS Catalog mapped locus,1,1,1,2e-11,39024449,No,screened; not in final 50,Catalog mapped gene is not necessarily causal; noncoding mappings remain in broad pool.
RPS17P5,GWAS Catalog mapped locus,1,1,1,2e-27,39789286,No,screened; not in final 50,Catalog mapped gene is not necessarily causal; noncoding mappings remain in broad pool.
RPS4XP9,GWAS Catalog mapped locus,1,1,1,2e-08,41314110,No,screened; not in final 50,Catalog mapped gene is not necessarily causal; noncoding mappings remain in broad pool.
RPS6KA5,GWAS Catalog mapped locus,2,2,1,6e-12,39024449,No,screened; not in final 50,Catalog mapped gene is not necessarily causal; noncoding mappings remain in broad pool.
RPTOR,GWAS Catalog mapped locus,3,3,1,4e-16,39024449,Yes,selected,Catalog mapped gene is not necessarily causal; noncoding mappings remain in broad pool.
RSPO3,GWAS Catalog mapped locus,3,2,1,1e-14,41314110,No,screened; not in final 50,Catalog mapped gene is not necessarily causal; noncoding mappings remain in broad pool.
RSRC1,GWAS Catalog mapped locus,1,1,1,6.000000000000001e-13,39789286,No,screened; not in final 50,Catalog mapped gene is not necessarily causal; noncoding mappings remain in broad pool.
RTF1,GWAS Catalog mapped locus,1,1,1,1e-11,39789286,No,screened; not in final 50,Catalog mapped gene is not necessarily causal; noncoding mappings remain in broad pool.
SCMH1,GWAS Catalog mapped locus,1,1,1,2e-26,39024449,No,screened; not in final 50,Catalog mapped gene is not necessarily causal; noncoding mappings remain in broad pool.
SEC11C,GWAS Catalog mapped locus,3,3,1,2.9999999999999995e-21,39024449,No,screened; not in final 50,Catalog mapped gene is not necessarily causal; noncoding mappings remain in broad pool.
SEC16B,GWAS Catalog mapped locus,6,6,3,8e-58,38710707; 39024449; 41206923,Yes,selected,Catalog mapped gene is not necessarily causal; noncoding mappings remain in broad pool.
SEMA3F-AS1,GWAS Catalog mapped locus,1,1,1,3e-12,39024449,No,screened; not in final 50,Catalog mapped gene is not necessarily causal; noncoding mappings remain in broad pool.
SEMA6D,GWAS Catalog mapped locus,2,2,1,7e-12,39024449,No,screened; not in final 50,Catalog mapped gene is not necessarily causal; noncoding mappings remain in broad pool.
SF3A2,GWAS Catalog mapped locus,4,4,1,4e-24,39024449,No,screened; not in final 50,Catalog mapped gene is not necessarily causal; noncoding mappings remain in broad pool.
SH2B1,GWAS Catalog mapped locus; curated monogenic/rare coding obesity literature,4,4,1,3e-75,39024449,Yes,selected,Catalog mapped gene is not necessarily causal; noncoding mappings remain in broad pool.
SIM1,GWAS Catalog mapped locus; curated monogenic/rare coding obesity literature,1,1,1,9e-13,39024449,Yes,selected,Catalog mapped gene is not necessarily causal; noncoding mappings remain in broad pool.
SLC22A12,GWAS Catalog mapped locus,3,3,1,1e-16,39024449,No,screened; not in final 50,Catalog mapped gene is not necessarily causal; noncoding mappings remain in broad pool.
SLC30A10,GWAS Catalog mapped locus,2,2,1,5e-10,41314110,No,screened; not in final 50,Catalog mapped gene is not necessarily causal; noncoding mappings remain in broad pool.
SLC35E2B,GWAS Catalog mapped locus,1,1,1,2e-11,39024449,No,screened; not in final 50,Catalog mapped gene is not necessarily causal; noncoding mappings remain in broad pool.
SLC39A11,GWAS Catalog mapped locus,1,1,1,2e-12,39024449,No,screened; not in final 50,Catalog mapped gene is not necessarily causal; noncoding mappings remain in broad pool.
SLC39A8,GWAS Catalog mapped locus,3,3,1,3e-45,39024449,Yes,selected,Catalog mapped gene is not necessarily causal; noncoding mappings remain in broad pool.
SLC41A1,GWAS Catalog mapped locus,1,1,1,3e-12,39024449,No,screened; not in final 50,Catalog mapped gene is not necessarily causal; noncoding mappings remain in broad pool.
SLC44A3P1,GWAS Catalog mapped locus,1,1,1,2e-15,39789286,No,screened; not in final 50,Catalog mapped gene is not necessarily causal; noncoding mappings remain in broad pool.
SLC6A13,GWAS Catalog mapped locus,1,1,1,5e-12,39024449,No,screened; not in final 50,Catalog mapped gene is not necessarily causal; noncoding mappings remain in broad pool.
SLIT3,GWAS Catalog mapped locus,1,1,1,1e-11,39024449,No,screened; not in final 50,Catalog mapped gene is not necessarily causal; noncoding mappings remain in broad pool.
SLITRK6,GWAS Catalog mapped locus,1,1,1,2e-12,39789286,No,screened; not in final 50,Catalog mapped gene is not necessarily causal; noncoding mappings remain in broad pool.
SMCO4,GWAS Catalog mapped locus,3,3,1,2e-15,39024449,No,screened; not in final 50,Catalog mapped gene is not necessarily causal; noncoding mappings remain in broad pool.
SMIM30,GWAS Catalog mapped locus,1,1,1,1e-11,39024449,No,screened; not in final 50,Catalog mapped gene is not necessarily causal; noncoding mappings remain in broad pool.
SNRPEP3,GWAS Catalog mapped locus,2,2,1,3.0000000000000002e-18,39024449,No,screened; not in final 50,Catalog mapped gene is not necessarily causal; noncoding mappings remain in broad pool.
SOS2,GWAS Catalog mapped locus,1,1,1,4e-16,39789286,No,screened; not in final 50,Catalog mapped gene is not necessarily causal; noncoding mappings remain in broad pool.
SPARC,curated monogenic/rare coding obesity literature,0,0,0,,,Yes,selected,Curated literature addition; not present in bounded Catalog sample.
SRRM1P2,GWAS Catalog mapped locus,1,1,1,5e-12,39789286,No,screened; not in final 50,Catalog mapped gene is not necessarily causal; noncoding mappings remain in broad pool.
SSPN,GWAS Catalog mapped locus,2,2,1,1e-12,41314110,No,screened; not in final 50,Catalog mapped gene is not necessarily causal; noncoding mappings remain in broad pool.
SSPN-AS1,GWAS Catalog mapped locus,2,2,1,1e-12,41314110,No,screened; not in final 50,Catalog mapped gene is not necessarily causal; noncoding mappings remain in broad pool.
SSR4P1,GWAS Catalog mapped locus,1,1,1,5e-14,39789286,No,screened; not in final 50,Catalog mapped gene is not necessarily causal; noncoding mappings remain in broad pool.
STARP1,GWAS Catalog mapped locus,4,4,1,2e-30,39024449,No,screened; not in final 50,Catalog mapped gene is not necessarily causal; noncoding mappings remain in broad pool.
STIMATE,GWAS Catalog mapped locus,2,2,1,3e-41,39024449,No,screened; not in final 50,Catalog mapped gene is not necessarily causal; noncoding mappings remain in broad pool.
STIMATE-MUSTN1,GWAS Catalog mapped locus,2,2,1,3e-41,39024449,No,screened; not in final 50,Catalog mapped gene is not necessarily causal; noncoding mappings remain in broad pool.
SWI5,GWAS Catalog mapped locus,2,2,1,1e-11,39024449,No,screened; not in final 50,Catalog mapped gene is not necessarily causal; noncoding mappings remain in broad pool.
SYNAGE,GWAS Catalog mapped locus,2,2,1,1e-11,39024449,No,screened; not in final 50,Catalog mapped gene is not necessarily causal; noncoding mappings remain in broad pool.
SYT10,GWAS Catalog mapped locus,4,4,1,1e-33,39024449,Yes,selected,Catalog mapped gene is not necessarily causal; noncoding mappings remain in broad pool.
TAL1,GWAS Catalog mapped locus,1,1,1,6e-12,39024449,No,screened; not in final 50,Catalog mapped gene is not necessarily causal; noncoding mappings remain in broad pool.
TBX15,GWAS Catalog mapped locus,1,1,1,1e-12,39024449,No,screened; not in final 50,Catalog mapped gene is not necessarily causal; noncoding mappings remain in broad pool.
TCF7L2,GWAS Catalog mapped locus,6,6,3,8e-81,38710707; 39024449; 39789286,Yes,selected,Catalog mapped gene is not necessarily causal; noncoding mappings remain in broad pool.
TENM2,GWAS Catalog mapped locus,4,2,1,2e-14,39024449,No,screened; not in final 50,Catalog mapped gene is not necessarily causal; noncoding mappings remain in broad pool.
TERF1P3,GWAS Catalog mapped locus,2,2,1,3e-17,39024449,No,screened; not in final 50,Catalog mapped gene is not necessarily causal; noncoding mappings remain in broad pool.
TEX46,GWAS Catalog mapped locus,1,1,1,1e-12,39024449,No,screened; not in final 50,Catalog mapped gene is not necessarily causal; noncoding mappings remain in broad pool.
TFAP2B,GWAS Catalog mapped locus,5,5,3,2e-60,38710707; 39024449; 39789286,Yes,selected,Catalog mapped gene is not necessarily causal; noncoding mappings remain in broad pool.
TFAP2D,GWAS Catalog mapped locus,2,2,1,4e-45,39024449,No,screened; not in final 50,Catalog mapped gene is not necessarily causal; noncoding mappings remain in broad pool.
THADA,GWAS Catalog mapped locus,2,2,1,6.000000000000001e-13,39024449,No,screened; not in final 50,Catalog mapped gene is not necessarily causal; noncoding mappings remain in broad pool.
THAP12P9,GWAS Catalog mapped locus,5,5,3,3e-78,38710707; 39024449; 41206923,No,screened; not in final 50,Catalog mapped gene is not necessarily causal; noncoding mappings remain in broad pool.
TLCD3B,GWAS Catalog mapped locus,4,4,2,3.0000000000000003e-30,39024449; 41206923,No,screened; not in final 50,Catalog mapped gene is not necessarily causal; noncoding mappings remain in broad pool.
TLE1-DT,GWAS Catalog mapped locus,1,1,1,9e-13,39024449,No,screened; not in final 50,Catalog mapped gene is not necessarily causal; noncoding mappings remain in broad pool.
TMCC1,GWAS Catalog mapped locus,1,1,1,5e-08,41314110,No,screened; not in final 50,Catalog mapped gene is not necessarily causal; noncoding mappings remain in broad pool.
TMEM161B-DT,GWAS Catalog mapped locus,2,2,2,1e-33,39024449; 39789286,No,screened; not in final 50,Catalog mapped gene is not necessarily causal; noncoding mappings remain in broad pool.
TMEM18,GWAS Catalog mapped locus,4,4,3,6e-88,38710707; 39024449; 41206923,Yes,selected,Catalog mapped gene is not necessarily causal; noncoding mappings remain in broad pool.
TNFSF10,GWAS Catalog mapped locus,1,1,1,5e-27,39024449,No,screened; not in final 50,Catalog mapped gene is not necessarily causal; noncoding mappings remain in broad pool.
TNRC6B,GWAS Catalog mapped locus,3,3,1,3e-14,39024449,No,screened; not in final 50,Catalog mapped gene is not necessarily causal; noncoding mappings remain in broad pool.
TOMM22P6,GWAS Catalog mapped locus,1,1,1,2e-11,39024449,No,screened; not in final 50,Catalog mapped gene is not necessarily causal; noncoding mappings remain in broad pool.
TP53,GWAS Catalog mapped locus,4,4,1,2e-52,39024449,No,screened; not in final 50,Catalog mapped gene is not necessarily causal; noncoding mappings remain in broad pool.
TP53INP2,GWAS Catalog mapped locus,2,2,1,1e-11,39024449,No,screened; not in final 50,Catalog mapped gene is not necessarily causal; noncoding mappings remain in broad pool.
TRAM2,GWAS Catalog mapped locus,1,1,1,3e-14,39789286,No,screened; not in final 50,Catalog mapped gene is not necessarily causal; noncoding mappings remain in broad pool.
TRIB1AL,GWAS Catalog mapped locus,1,1,1,6.0000000000000005e-30,39024449,No,screened; not in final 50,Catalog mapped gene is not necessarily causal; noncoding mappings remain in broad pool.
TRIM66,GWAS Catalog mapped locus,2,2,1,6e-12,39024449,No,screened; not in final 50,Catalog mapped gene is not necessarily causal; noncoding mappings remain in broad pool.
TRIP12,GWAS Catalog mapped locus,1,1,1,2.9999999999999997e-20,39789286,No,screened; not in final 50,Catalog mapped gene is not necessarily causal; noncoding mappings remain in broad pool.
UBQLN4,GWAS Catalog mapped locus,3,3,1,7e-29,39024449,No,screened; not in final 50,Catalog mapped gene is not necessarily causal; noncoding mappings remain in broad pool.
UBR2,curated monogenic/rare coding obesity literature,0,0,0,,,Yes,selected,Curated literature addition; not present in bounded Catalog sample.
UNC79,GWAS Catalog mapped locus,1,1,1,4e-11,39024449,No,screened; not in final 50,Catalog mapped gene is not necessarily causal; noncoding mappings remain in broad pool.
UQCC5,GWAS Catalog mapped locus,1,1,1,1e-19,39024449,No,screened; not in final 50,Catalog mapped gene is not necessarily causal; noncoding mappings remain in broad pool.
VEGFA,GWAS Catalog mapped locus,3,2,1,2e-11,41314110,No,screened; not in final 50,Catalog mapped gene is not necessarily causal; noncoding mappings remain in broad pool.
VPS13C,GWAS Catalog mapped locus,1,1,1,2e-14,39024449,No,screened; not in final 50,Catalog mapped gene is not necessarily causal; noncoding mappings remain in broad pool.
VPS53,GWAS Catalog mapped locus,3,1,1,3.0000000000000004e-09,41314110,No,screened; not in final 50,Catalog mapped gene is not necessarily causal; noncoding mappings remain in broad pool.
WARS2,GWAS Catalog mapped locus,2,2,1,1e-12,39024449,No,screened; not in final 50,Catalog mapped gene is not necessarily causal; noncoding mappings remain in broad pool.
WNK1,GWAS Catalog mapped locus,2,2,1,1e-16,39024449,No,screened; not in final 50,Catalog mapped gene is not necessarily causal; noncoding mappings remain in broad pool.
YEATS2,GWAS Catalog mapped locus,1,1,1,2e-11,39024449,No,screened; not in final 50,Catalog mapped gene is not necessarily causal; noncoding mappings remain in broad pool.
YIPF7,GWAS Catalog mapped locus,1,1,1,4e-12,39024449,No,screened; not in final 50,Catalog mapped gene is not necessarily causal; noncoding mappings remain in broad pool.
ZBTB10,GWAS Catalog mapped locus,2,2,1,4e-13,39024449,No,screened; not in final 50,Catalog mapped gene is not necessarily causal; noncoding mappings remain in broad pool.
ZBTB44-DT,GWAS Catalog mapped locus,1,1,1,3e-22,39024449,No,screened; not in final 50,Catalog mapped gene is not necessarily causal; noncoding mappings remain in broad pool.
ZC3H11B,GWAS Catalog mapped locus,7,4,2,2e-37,39024449; 41314110,No,screened; not in final 50,Catalog mapped gene is not necessarily causal; noncoding mappings remain in broad pool.
ZC3H4,GWAS Catalog mapped locus,3,3,1,2e-24,39024449,No,screened; not in final 50,Catalog mapped gene is not necessarily causal; noncoding mappings remain in broad pool.
ZEB2,GWAS Catalog mapped locus,1,1,1,5e-20,39024449,No,screened; not in final 50,Catalog mapped gene is not necessarily causal; noncoding mappings remain in broad pool.
ZFHX3,GWAS Catalog mapped locus,4,4,1,3e-33,39024449,Yes,selected,Catalog mapped gene is not necessarily causal; noncoding mappings remain in broad pool.
ZMYM6,GWAS Catalog mapped locus,1,1,1,2e-22,39024449,No,screened; not in final 50,Catalog mapped gene is not necessarily causal; noncoding mappings remain in broad pool.
ZNF19,GWAS Catalog mapped locus,1,1,1,3e-11,39024449,No,screened; not in final 50,Catalog mapped gene is not necessarily causal; noncoding mappings remain in broad pool.
ZNF331,GWAS Catalog mapped locus,3,3,1,4e-29,39024449,No,screened; not in final 50,Catalog mapped gene is not necessarily causal; noncoding mappings remain in broad pool.
ZNF619P1,GWAS Catalog mapped locus,1,1,1,7e-14,39024449,No,screened; not in final 50,Catalog mapped gene is not necessarily causal; noncoding mappings remain in broad pool.
ZNF646P1,GWAS Catalog mapped locus,3,3,1,3e-26,39024449,No,screened; not in final 50,Catalog mapped gene is not necessarily causal; noncoding mappings remain in broad pool.
ZNF664,GWAS Catalog mapped locus,2,2,1,8e-13,41314110,No,screened; not in final 50,Catalog mapped gene is not necessarily causal; noncoding mappings remain in broad pool.
ZSWIM6,GWAS Catalog mapped locus,2,2,1,1e-14,39024449,No,screened; not in final 50,Catalog mapped gene is not necessarily causal; noncoding mappings remain in broad pool.
