gene_symbol,ensembl_gene_id,display_name,biotype,assembly_name,seq_region_name,start,end,strand,lookup_status
MC4R,ENSG00000166603,MC4R,protein_coding,GRCh38,18,60371062,60372775,-1,resolved
FTO,ENSG00000140718,FTO,protein_coding,GRCh38,16,53701692,54158512,1,resolved
LEP,ENSG00000174697,LEP,protein_coding,GRCh38,7,128241222,128257629,1,resolved
LEPR,ENSG00000116678,LEPR,protein_coding,GRCh38,1,65420543,65641559,1,resolved
POMC,ENSG00000115138,POMC,protein_coding,GRCh38,2,25160361,25168952,-1,resolved
PCSK1,ENSG00000175426,PCSK1,protein_coding,GRCh38,5,96390333,96434143,-1,resolved
SH2B1,ENSG00000178188,SH2B1,protein_coding,GRCh38,16,28846584,28875103,1,resolved
SIM1,ENSG00000112246,SIM1,protein_coding,GRCh38,6,100385009,100464946,-1,resolved
ADCY3,ENSG00000138031,ADCY3,protein_coding,GRCh38,2,24819169,24920299,-1,resolved
BDNF,ENSG00000176697,BDNF,protein_coding,GRCh38,11,27654893,27722058,-1,resolved
MC3R,ENSG00000124089,MC3R,protein_coding,GRCh38,20,56248732,56249815,1,resolved
KSR2,ENSG00000171435,KSR2,protein_coding,GRCh38,12,117453012,117969144,-1,resolved
MRAP2,ENSG00000135324,MRAP2,protein_coding,GRCh38,6,84033203,84090887,1,resolved
GIPR,ENSG00000010310,GIPR,protein_coding,GRCh38,19,45668207,45683722,1,resolved
PPARG,ENSG00000132170,PPARG,protein_coding,GRCh38,3,12287368,12455622,1,resolved
TCF7L2,ENSG00000148737,TCF7L2,protein_coding,GRCh38,10,112950015,113167678,1,resolved
SEC16B,ENSG00000120341,SEC16B,protein_coding,GRCh38,1,177923699,177984303,-1,resolved
TMEM18,ENSG00000151353,TMEM18,protein_coding,GRCh38,2,663877,677470,-1,resolved
NEGR1,ENSG00000172260,NEGR1,protein_coding,GRCh38,1,71395943,72282539,-1,resolved
GNPDA2,ENSG00000163281,GNPDA2,protein_coding,GRCh38,4,44682200,44726621,-1,resolved
FAIM2,ENSG00000135472,FAIM2,protein_coding,GRCh38,12,49866896,49904217,-1,resolved
TFAP2B,ENSG00000008196,TFAP2B,protein_coding,GRCh38,6,50818702,50847619,1,resolved
ETV5,ENSG00000244405,ETV5,protein_coding,GRCh38,3,186045536,186110318,-1,resolved
KCTD15,ENSG00000153885,KCTD15,protein_coding,GRCh38,19,33795933,33815763,1,resolved
MAP2K5,ENSG00000137764,MAP2K5,protein_coding,GRCh38,15,67542611,67807123,1,resolved
NRXN3,ENSG00000021645,NRXN3,protein_coding,GRCh38,14,78170373,79868291,1,resolved
SLC39A8,ENSG00000138821,SLC39A8,protein_coding,GRCh38,4,102251037,102431258,-1,resolved
NPC1,ENSG00000141458,NPC1,protein_coding,GRCh38,18,23506184,23586969,-1,resolved
RPTOR,ENSG00000141564,RPTOR,protein_coding,GRCh38,17,80544819,80966371,1,resolved
ADCY5,ENSG00000173175,ADCY5,protein_coding,GRCh38,3,123282296,123449795,-1,resolved
HMGA2,ENSG00000149948,HMGA2,protein_coding,GRCh38,12,65824224,65966291,1,resolved
COBLL1,ENSG00000082438,COBLL1,protein_coding,GRCh38,2,164653624,164843679,-1,resolved
GPR75,ENSG00000119737,GPR75,protein_coding,GRCh38,2,53852752,53860160,-1,resolved
CALCR,ENSG00000004948,CALCR,protein_coding,GRCh38,7,93424486,93575738,-1,resolved
UBR2,ENSG00000024048,UBR2,protein_coding,GRCh38,6,42563969,42693505,1,resolved
ANO4,ENSG00000151572,ANO4,protein_coding,GRCh38,12,100717221,101128648,1,resolved
PDE3B,ENSG00000152270,PDE3B,protein_coding,GRCh38,11,14643663,14874657,1,resolved
ROBO1,ENSG00000169855,ROBO1,protein_coding,GRCh38,3,78595957,79768025,-1,resolved
BLTP1,ENSG00000138688,BLTP1,protein_coding,GRCh38,4,122152327,122364167,1,resolved
SPARC,ENSG00000113140,SPARC,protein_coding,GRCh38,5,151661096,151687352,-1,resolved
DPP9,ENSG00000142002,DPP9,protein_coding,GRCh38,19,4674341,4724673,-1,resolved
ANKRD27,ENSG00000105186,ANKRD27,protein_coding,GRCh38,19,32597000,32676597,-1,resolved
ADCY9,ENSG00000162104,ADCY9,protein_coding,GRCh38,16,3953387,4116493,-1,resolved
CCND2,ENSG00000118971,CCND2,protein_coding,GRCh38,12,4269755,4306933,1,resolved
MCM6,ENSG00000076003,MCM6,protein_coding,GRCh38,2,135839626,135876484,-1,resolved
SYT10,ENSG00000110975,SYT10,protein_coding,GRCh38,12,33373512,33439996,-1,resolved
ZFHX3,ENSG00000140836,ZFHX3,protein_coding,GRCh38,16,72782885,73891871,-1,resolved
CRTC1,ENSG00000105662,CRTC1,protein_coding,GRCh38,19,18683575,18782333,1,resolved
FGF19,ENSG00000162344,FGF19,protein_coding,GRCh38,11,69698232,69704660,-1,resolved
LINGO2,ENSG00000174482,LINGO2,protein_coding,GRCh38,9,27937617,29213913,-1,resolved
