gene_symbol,all_time_query_count_through_2026_09_30,pmids_returned,screened_references,query,relevant_reference_count_screened
MC4R,1522,21295023; 41168175; 36815328; 37160786; 42538728; 41601974; 41457234; 34815872; 20882712; 41500196,PMID 21295023 (2011): The genetic epidemiology of melanocortin 4 receptor variants.; PMID 41168175 (2025): Discovery of obesity genes through cross-ancestry analysis.; PMID 36815328 (2023): [Obesity in infancy: new precision treatment].,"MC4R[Title/Abstract] AND (obesity[Title/Abstract] OR adiposity[Title/Abstract] OR ""body mass index""[Title/Abstract] OR BMI[Title/Abstract] OR ""body fat""[Title/Abstract]) AND (""1900/01/01""[Date - Publication] : ""2026/09/30""[Date - Publication])",10
FTO,2728,24516669; 24663221; 42450214; 42346037; 42250582; 40645334; 40630163; 39925495; 39260370; 39130748,"PMID 24516669 (2015): Variation in the MC4R gene is associated with bone phenotypes in elderly Swedish women.; PMID 24663221 (2014): Obesity. BMI-associated genetic variants in FTO mastermind IRX3 expression.; PMID 42450214 (2026): Association Between Metabolic Parameters and FTO Alpha-Ketoglutarate-Dependent Dioxygenase (FTO), Transcription Factor 7-like 2 (TCF7L2), and Solute Carrier Family 16 Member 11 (SLC16A11) Alleles in Mexican Children and Adolescents.","FTO[Title/Abstract] AND (obesity[Title/Abstract] OR adiposity[Title/Abstract] OR ""body mass index""[Title/Abstract] OR BMI[Title/Abstract] OR ""body fat""[Title/Abstract]) AND (""1900/01/01""[Date - Publication] : ""2026/09/30""[Date - Publication])",10
LEP,1002,9519759; 24525657; 28349664; 42647758; 42475769; 42397967; 42355786; 42355513; 42210527; 41509321,"PMID 9519759 (1998): Novel polymorphisms in the 5' region of the LEP gene: association with leptin levels and response to low-calorie diet in human obesity.; PMID 24525657 (2014): Combined HTR2C-LEP and HTR2C-LEPR genotypes as a determinant for obesity in patients without antipsychotic drugs.; PMID 28349664 (2019): Erratum: Genetic variants in LEP, LEPR, and MC4R explain 30% of severe obesity in children from a consanguineous population.","LEP[Title/Abstract] AND (obesity[Title/Abstract] OR adiposity[Title/Abstract] OR ""body mass index""[Title/Abstract] OR BMI[Title/Abstract] OR ""body fat""[Title/Abstract]) AND (""1900/01/01""[Date - Publication] : ""2026/09/30""[Date - Publication])",10
LEPR,1117,39549719; 29726959; 25250132; 36943959; 24525657; 38274380; 40440436; 28349664; 42791368; 42722967,"PMID 39549719 (2024): Setmelanotide in patients aged 2-5 years with rare MC4R pathway-associated obesity (VENTURE): a 1 year, open-label, multicenter, phase 3 trial.; PMID 29726959 (2019): Melanocortin 4 Receptor Pathway Dysfunction in Obesity: Patient Stratification Aimed at MC4R Agonist Treatment.; PMID 25250132 (2014): The Association between Polymorphismsin Insulin and Obesity Related Genesand Risk of Colorectal Cancer.","LEPR[Title/Abstract] AND (obesity[Title/Abstract] OR adiposity[Title/Abstract] OR ""body mass index""[Title/Abstract] OR BMI[Title/Abstract] OR ""body fat""[Title/Abstract]) AND (""1900/01/01""[Date - Publication] : ""2026/09/30""[Date - Publication])",8
POMC,1377,34207686; 34329773; 34177811; 28233924; 36943959; 32168170; 12388611; 42767616; 40902325; 27658726,PMID 34207686 (2021): Epigenome-Wide Study Identified Methylation Sites Associated with the Risk of Obesity.; PMID 34329773 (2022): Adult-born proopiomelanocortin neurons derived from Rax-expressing precursors mitigate the metabolic effects of congenital hypothalamic proopiomelanocortin deficiency.; PMID 34177811 (2021): Two Cases With an Early Presented Proopiomelanocortin Deficiency-A Long-Term Follow-Up and Systematic Literature Review.,"POMC[Title/Abstract] AND (obesity[Title/Abstract] OR adiposity[Title/Abstract] OR ""body mass index""[Title/Abstract] OR BMI[Title/Abstract] OR ""body fat""[Title/Abstract]) AND (""1900/01/01""[Date - Publication] : ""2026/09/30""[Date - Publication])",8
PCSK1,182,39526054; 36722447; 40836563; 36815328; 32805220; 42737637; 37152885; 34025722; 32554187; 36943959,PMID 39526054 (2024): Setmelanotide: A Melanocortin-4 Receptor Agonist for the Treatment of Severe Obesity Due to Hypothalamic Dysfunction.; PMID 36722447 (2023): Setmelanotide: a promising advancement for pediatric patients with rare forms of genetic obesity.; PMID 40836563 (2025): Development of Dysplastic Nevi in a Child with LEPR Deficiency Treated with Setmelanotide.,"PCSK1[Title/Abstract] AND (obesity[Title/Abstract] OR adiposity[Title/Abstract] OR ""body mass index""[Title/Abstract] OR BMI[Title/Abstract] OR ""body fat""[Title/Abstract]) AND (""1900/01/01""[Date - Publication] : ""2026/09/30""[Date - Publication])",9
SH2B1,164,33060593; 42724349; 42405204; 41751424; 39427540; 38035352; 37672248; 37329217; 36586102; 35343586,PMID 33060593 (2022): Author Correction: Leptin receptor-expressing neuron Sh2b1 supports sympathetic nervous system and protects against obesity and metabolic disease.; PMID 42724349 (2026): Whole-exome sequencing-centered genetic evaluation for early-onset obesity in Chinese children: a retrospective single-center cohort.; PMID 42405204 (2026): Genomic structural equation modeling elucidates the genetic mechanisms underlying allostatic load.,"SH2B1[Title/Abstract] AND (obesity[Title/Abstract] OR adiposity[Title/Abstract] OR ""body mass index""[Title/Abstract] OR BMI[Title/Abstract] OR ""body fat""[Title/Abstract]) AND (""1900/01/01""[Date - Publication] : ""2026/09/30""[Date - Publication])",10
SIM1,116,42736455; 34214899; 22768843; 29294472; 34788630; 42499770; 41495897; 40475165; 37877373; 37033219,PMID 42736455 (2026): Structural basis for small-molecule agonism at GCGR and GIPR via a conserved intracellular allosteric site.; PMID 34214899 (2021): Generation of the iPSC line CUIMCi003-A derived from a patient with severe early onset obesity.; PMID 22768843 (2012): AMP-activated kinase links serotonergic signaling to glutamate release for regulation of feeding behavior in C. elegans.,"SIM1[Title/Abstract] AND (obesity[Title/Abstract] OR adiposity[Title/Abstract] OR ""body mass index""[Title/Abstract] OR BMI[Title/Abstract] OR ""body fat""[Title/Abstract]) AND (""1900/01/01""[Date - Publication] : ""2026/09/30""[Date - Publication])",8
ADCY3,81,34207686; 33459256; 29311636; 29374254; 42791368; 42210527; 41542040; 41494241; 41350952; 40472089,PMID 34207686 (2021): Epigenome-Wide Study Identified Methylation Sites Associated with the Risk of Obesity.; PMID 33459256 (2022): Biological constraints on GWAS SNPs at suggestive significance thresholds reveal additional BMI loci.; PMID 29311636 (2019): Loss-of-function variants in ADCY3 increase risk of obesity and type 2 diabetes.,"ADCY3[Title/Abstract] AND (obesity[Title/Abstract] OR adiposity[Title/Abstract] OR ""body mass index""[Title/Abstract] OR BMI[Title/Abstract] OR ""body fat""[Title/Abstract]) AND (""1900/01/01""[Date - Publication] : ""2026/09/30""[Date - Publication])",10
BDNF,1209,42744874; 18667348; 35166024; 25934163; 22481407; 42417521; 42177300; 42061509; 41754172; 41574103,"PMID 42744874 (2026): Dietary index for gut microbiota (DIGM) and cardiometabolic, inflammatory, and gut-brain-related biomarkers in adults with obesity: a cross-sectional study.; PMID 18667348 (2008): Association of the BDNF Val66Met variation with obesity in women.; PMID 35166024 (2022): Corrigendum: Maternal inheritance of BDNF deletion, with phenotype of obesity and developmental delay in mother and child.","BDNF[Title/Abstract] AND (obesity[Title/Abstract] OR adiposity[Title/Abstract] OR ""body mass index""[Title/Abstract] OR BMI[Title/Abstract] OR ""body fat""[Title/Abstract]) AND (""1900/01/01""[Date - Publication] : ""2026/09/30""[Date - Publication])",10
MC3R,234,41002740; 33795520; 9311920; 40055984; 15276649; 42352256; 42303965; 41751424; 41618380; 41410731,PMID 41002740 (2025): Polymorphism of Melanocortin Receptor Genes-Association with Inflammatory Traits and Diseases.; PMID 33795520 (2021): Network dynamics of hypothalamic feeding neurons.; PMID 9311920 (1997): Antagonism of central melanocortin receptors in vitro and in vivo by agouti-related protein.,"MC3R[Title/Abstract] AND (obesity[Title/Abstract] OR adiposity[Title/Abstract] OR ""body mass index""[Title/Abstract] OR BMI[Title/Abstract] OR ""body fat""[Title/Abstract]) AND (""1900/01/01""[Date - Publication] : ""2026/09/30""[Date - Publication])",10
KSR2,21,24736852; 41751424; 40062973; 36342465; 34483672; 28180061; 19883615; 18719666; 40036808; 39462520,"PMID 24736852 (2015): Discovery of an obesity susceptibility gene, KSR2, provides new insight into energy homeostasis pathways.; PMID 41751424 (2026): Exploring Autosomal Dominant Non-Syndromic Monogenic Obesity: From Genes to Therapy.; PMID 40062973 (2025): Comprehensive microarray analysis for the identification of therapeutic targets within HIF-1α signalling networks in diet-induced obesity via hypothalamic inflammation.","KSR2[Title/Abstract] AND (obesity[Title/Abstract] OR adiposity[Title/Abstract] OR ""body mass index""[Title/Abstract] OR BMI[Title/Abstract] OR ""body fat""[Title/Abstract]) AND (""1900/01/01""[Date - Publication] : ""2026/09/30""[Date - Publication])",10
MRAP2,49,24011068; 41935248; 41596694; 40244925; 39807633; 39462520; 35741395; 35026759; 33026327; 32578125,PMID 24011068 (2014): Mrap2: an accessory protein linked to obesity.; PMID 41935248 (2026): Cellular signatures of melanocortin pathway genes across the locus coeruleus.; PMID 41596694 (2026): Association of Mutations in the Melanocortin-2 Receptor Accessory Protein 2 Gene (MRAP2) and Obesity: A Systematic Review and Meta-Analysis.,"MRAP2[Title/Abstract] AND (obesity[Title/Abstract] OR adiposity[Title/Abstract] OR ""body mass index""[Title/Abstract] OR BMI[Title/Abstract] OR ""body fat""[Title/Abstract]) AND (""1900/01/01""[Date - Publication] : ""2026/09/30""[Date - Publication])",10
GIPR,336,36820516; 38367045; 40555693; 42342001; 39840511; 35921984; 40707865; 34861327; 39726721; 42240053,"PMID 36820516 (2023): Profile of tirzepatide in the management of type 2 diabetes mellitus: design, development, and place in therapy.; PMID 38367045 (2024): A review of an investigational drug retatrutide, a novel triple agonist agent for the treatment of obesity.; PMID 40555693 (2025): The effects of anti-obesity medications on bone metabolism: A critical appraisal.","GIPR[Title/Abstract] AND (obesity[Title/Abstract] OR adiposity[Title/Abstract] OR ""body mass index""[Title/Abstract] OR BMI[Title/Abstract] OR ""body fat""[Title/Abstract]) AND (""1900/01/01""[Date - Publication] : ""2026/09/30""[Date - Publication])",10
PPARG,722,41898705; 42471109; 37987083; 42700829; 41000800; 42693087; 37974253; 20158084; 18544926; 42768086,PMID 41898705 (2026): Dihydroquercetin in Obesity and Prediabetes: Case Report and Insights from Molecular Modeling.; PMID 42471109 (2026): Modulation of the gut microbiota by Lacticaseibacillus paracasei reduces adipogenesis and metabolic dysregulation in high-fat diet-induced obese mice.; PMID 37987083 (2023): Pediococcus acidilactici (pA1c®) alleviates obesity-related dyslipidemia and inflammation in Wistar rats by activating beta-oxidation and modulating the gut microbiota.,"PPARG[Title/Abstract] AND (obesity[Title/Abstract] OR adiposity[Title/Abstract] OR ""body mass index""[Title/Abstract] OR BMI[Title/Abstract] OR ""body fat""[Title/Abstract]) AND (""1900/01/01""[Date - Publication] : ""2026/09/30""[Date - Publication])",10
TCF7L2,388,27344314; 24267432; 42677197; 42804385; 39971135; 17351281; 18823720; 28511671; 21855162; 42722967,"PMID 27344314 (2017): Novel phenotypes of prediabetes?; PMID 24267432 (2014): Genetic epidemiology of type 2 diabetes and cardiovascular diseases in Africa.; PMID 42677197 (2026): Alterations in Human Milk Adiponectin, Leptin, Resistin, and microRNAs in Mothers With Gestational Diabetes Mellitus Compared With Healthy Controls: A Systematic Review and Network-Based Analysis.","TCF7L2[Title/Abstract] AND (obesity[Title/Abstract] OR adiposity[Title/Abstract] OR ""body mass index""[Title/Abstract] OR BMI[Title/Abstract] OR ""body fat""[Title/Abstract]) AND (""1900/01/01""[Date - Publication] : ""2026/09/30""[Date - Publication])",10
SEC16B,82,38604958; 29212175; 26680480; 26604143; 26162542; 25492288; 25093408; 24498077; 23935507; 23629956,"PMID 38604958 (2024): [Association of polymorphisms in SEC16B, DNAJC27, FTO and MC4R genes with overweight and obesity in Han preschool children].; PMID 29212175 (2022): The role of established East Asian obesity-related loci on pediatric leptin levels highlights a neuronal influence on body weight regulation in Chinese children and adolescents: the BCAMS study.; PMID 26680480 (2016): Association of adenovirus 36 infection with obesity-related gene variants in adolescents.","SEC16B[Title/Abstract] AND (obesity[Title/Abstract] OR adiposity[Title/Abstract] OR ""body mass index""[Title/Abstract] OR BMI[Title/Abstract] OR ""body fat""[Title/Abstract]) AND (""1900/01/01""[Date - Publication] : ""2026/09/30""[Date - Publication])",10
TMEM18,151,25189249; 40475165; 39609904; 37693606; 36690773; 36536439; 34874954; 30887699; 30311592; 29441128,"PMID 25189249 (2015): Polymorphisms in FTO, TMEM18 and PCSK1 are associated with BMI in southern Chinese population.; PMID 40475165 (2025): Distribution of Variants and Identification of Novel Variants in Patients with Obesity Using Next-Generation Sequencing in Genes Associated with Obesity: A Single-Center Experience in Turkey.; PMID 39609904 (2024): Genetic-by-age interaction analyses on complex traits in UK Biobank and their potential to identify effects on longitudinal trait change.","TMEM18[Title/Abstract] AND (obesity[Title/Abstract] OR adiposity[Title/Abstract] OR ""body mass index""[Title/Abstract] OR BMI[Title/Abstract] OR ""body fat""[Title/Abstract]) AND (""1900/01/01""[Date - Publication] : ""2026/09/30""[Date - Publication])",10
NEGR1,105,27617112; 40405979; 37935012; 37709841; 37187893; 36552158; 36137488; 35703085; 35090585; 34685457,PMID 40405979 (2025): Investigating the shared genetic architecture between obesity and depression: a large-scale genomewide cross-trait analysis.; PMID 37935012 (2024): Plasma Neuronal Growth Regulator 1 May Link Physical Activity to Reduced Risk of Type 2 Diabetes: A Proteome-Wide Study of ARIC Participants.; PMID 37709841 (2023): Interaction between genetic susceptibility to obesity and food intake on BMI in Finnish school-aged children.,"NEGR1[Title/Abstract] AND (obesity[Title/Abstract] OR adiposity[Title/Abstract] OR ""body mass index""[Title/Abstract] OR BMI[Title/Abstract] OR ""body fat""[Title/Abstract]) AND (""1900/01/01""[Date - Publication] : ""2026/09/30""[Date - Publication])",9
GNPDA2,95,40195065; 32982666; 32210695; 30887699; 29212175; 28661716; 26604143; 26263223; 25492288; 25093408,PMID 40195065 (2025): Uncovering the Causal Link Between Obesity-Associated Genes and Multiple Sclerosis: A Systematic Literature Review.; PMID 32982666 (2024): Environment and Gene Association With Obesity and Their Impact on Neurodegenerative and Neurodevelopmental Diseases.; PMID 32210695 (2023): Diabetes as a risk factor for Alzheimer's disease in the Middle East and its shared pathological mediators.,"GNPDA2[Title/Abstract] AND (obesity[Title/Abstract] OR adiposity[Title/Abstract] OR ""body mass index""[Title/Abstract] OR BMI[Title/Abstract] OR ""body fat""[Title/Abstract]) AND (""1900/01/01""[Date - Publication] : ""2026/09/30""[Date - Publication])",10
FAIM2,54,33627773; 31936053; 31504550; 24621099; 24269186; 24125603; 23950976; 23588626; 23424664; 23347264,"PMID 33627773 (2021): Transcriptome-wide association study identifies multiple genes associated with childhood body mass index.; PMID 31936053 (2020): Effect of 15 BMI-Associated Polymorphisms, Reported for Europeans, across Ethnicities and Degrees of Amerindian Ancestry in Mexican Children.; PMID 31504550 (2020): A trans-ancestral meta-analysis of genome-wide association studies reveals loci associated with childhood obesity.","FAIM2[Title/Abstract] AND (obesity[Title/Abstract] OR adiposity[Title/Abstract] OR ""body mass index""[Title/Abstract] OR BMI[Title/Abstract] OR ""body fat""[Title/Abstract]) AND (""1900/01/01""[Date - Publication] : ""2026/09/30""[Date - Publication])",10
TFAP2B,58,38754426; 34621242; 32109558; 31167208; 26800887; 23929626; 23529959; 23349760; 23347264; 23168566,PMID 38754426 (2024): An integrative framework to prioritize genes in more than 500 loci associated with body mass index.; PMID 34621242 (2022): Heterogeneous miRNA-mRNA Regulatory Networks of Visceral and Subcutaneous Adipose Tissue in the Relationship Between Obesity and Renal Clear Cell Carcinoma.; PMID 32109558 (2020): Implication of genetic variants in overweight and obesity susceptibility among the young Arab population of the United Arab Emirates.,"TFAP2B[Title/Abstract] AND (obesity[Title/Abstract] OR adiposity[Title/Abstract] OR ""body mass index""[Title/Abstract] OR BMI[Title/Abstract] OR ""body fat""[Title/Abstract]) AND (""1900/01/01""[Date - Publication] : ""2026/09/30""[Date - Publication])",10
ETV5,41,34716308; 28645872; 28041791; 24710089; 24498077; 24081222; 23629956; 22627920; 40598589; 33911083,PMID 34716308 (2022): Chromatin accessibility analysis identifies the transcription factor ETV5 as a suppressor of adipose tissue macrophage activation in obesity.; PMID 28645872 (2017): Two obesity susceptibility loci in LYPLAL1 and ETV5 independently associated with childhood hypertension in Chinese population.; PMID 28041791 (2017): Activity of etv5a and etv5b genes in the hypothalamus of fasted zebrafish is influenced by serotonin.,"ETV5[Title/Abstract] AND (obesity[Title/Abstract] OR adiposity[Title/Abstract] OR ""body mass index""[Title/Abstract] OR BMI[Title/Abstract] OR ""body fat""[Title/Abstract]) AND (""1900/01/01""[Date - Publication] : ""2026/09/30""[Date - Publication])",10
KCTD15,69,33299884; 32109558; 24269186; 23950976; 23890480; 23431394; 23424664; 23349760; 22553958; 22456663,PMID 33299884 (2021): A Combined Effect of Expression Levels of Obesity-Related Genes and Clinical Factors on Cancer Survival Rate.; PMID 32109558 (2020): Implication of genetic variants in overweight and obesity susceptibility among the young Arab population of the United Arab Emirates.; PMID 24269186 (2014): An obesity genetic risk score is associated with metabolic syndrome in Chinese children.,"KCTD15[Title/Abstract] AND (obesity[Title/Abstract] OR adiposity[Title/Abstract] OR ""body mass index""[Title/Abstract] OR BMI[Title/Abstract] OR ""body fat""[Title/Abstract]) AND (""1900/01/01""[Date - Publication] : ""2026/09/30""[Date - Publication])",10
MAP2K5,34,41299637; 29212175; 26674805; 26449484; 23708086; 22594783; 22513296; 42434303; 42036909; 35368675,PMID 41299637 (2026): Genetic crossroads of cardiovascular disease and its comorbidities: toward holistic therapeutic strategies.; PMID 29212175 (2022): The role of established East Asian obesity-related loci on pediatric leptin levels highlights a neuronal influence on body weight regulation in Chinese children and adolescents: the BCAMS study.; PMID 26674805 (2015): Identifying gene-gene interactions that are highly associated with Body Mass Index using Quantitative Multifactor Dimensionality Reduction (QMDR).,"MAP2K5[Title/Abstract] AND (obesity[Title/Abstract] OR adiposity[Title/Abstract] OR ""body mass index""[Title/Abstract] OR BMI[Title/Abstract] OR ""body fat""[Title/Abstract]) AND (""1900/01/01""[Date - Publication] : ""2026/09/30""[Date - Publication])",10
NRXN3,31,42065629; 40869120; 39090731; 36292594; 32982666; 22391885; 21779088; 21674055; 32492003; 30907917,"PMID 42065629 (2026): Neuroligin-3: A Novel Exercise-Induced Secreted Factor Enhancing Insulin Sensitivity in Obese Insulin-Resistant Mice.; PMID 40869120 (2025): Exploring the Potential Roles of SLC39A8 and POC5 Missense Variants in the Association Between Body Composition, Beverage Consumption, and Chronic Lung Diseases: A Two-Sample Mendelian Randomization Study.; PMID 39090731 (2024): Neurexin-3 in the paraventricular nucleus of the hypothalamus regulates body weight and glucose homeostasis independently of food intake.","NRXN3[Title/Abstract] AND (obesity[Title/Abstract] OR adiposity[Title/Abstract] OR ""body mass index""[Title/Abstract] OR BMI[Title/Abstract] OR ""body fat""[Title/Abstract]) AND (""1900/01/01""[Date - Publication] : ""2026/09/30""[Date - Publication])",10
SLC39A8,28,40221434; 35784893; 28557351; 26006263; 40291381; 38496672; 34068824; 32247823; 30271426; 27492617,PMID 40221434 (2025): Local patterns of genetic sharing between neuropsychiatric and insulin resistance-related conditions.; PMID 35784893 (2022): The Allelic Variant A391T of Metal Ion Transporter ZIP8 (SLC39A8) Leads to Hypotension and Enhanced Insulin Resistance.; PMID 28557351 (2019): The highly pleiotropic gene SLC39A8 as an opportunity to gain insight into the molecular pathogenesis of schizophrenia.,"SLC39A8[Title/Abstract] AND (obesity[Title/Abstract] OR adiposity[Title/Abstract] OR ""body mass index""[Title/Abstract] OR BMI[Title/Abstract] OR ""body fat""[Title/Abstract]) AND (""1900/01/01""[Date - Publication] : ""2026/09/30""[Date - Publication])",9
NPC1,47,30209687; 42434303; 33139814; 30458724; 28851737; 28487438; 25214838; 24752197; 23843577; 23375129,"PMID 42434303 (2026): Educational attainment and diabetes risk: triangulation evidence from UK Biobank prospective cohort, NHANES 2011-2018, and cross-trait genomics analyses.; PMID 33139814 (2021): Signatures of natural selection and ethnic-specific prevalence of NPC1 pathogenic mutations contributing to obesity and Niemann-Pick disease type C1.; PMID 30458724 (2019): Association of Uncoupling Protein 1 (UCP1) gene polymorphism with obesity: a case-control study.","NPC1[Title/Abstract] AND (obesity[Title/Abstract] OR adiposity[Title/Abstract] OR ""body mass index""[Title/Abstract] OR BMI[Title/Abstract] OR ""body fat""[Title/Abstract]) AND (""1900/01/01""[Date - Publication] : ""2026/09/30""[Date - Publication])",9
RPTOR,23,40149317; 38746632; 33977204; 33551450; 33315090; 25533680; 22575843; 37513594; 31795790; 25120095,PMID 40149317 (2025): Genetic Insights into Breast Cancer in Northeastern Mexico: Unveiling Gene-Environment Interactions and Their Links to Obesity and Metabolic Diseases.; PMID 38746632 (2024): RPTOR Is an Alzheimer's Disease Susceptibility Gene Associated with the Risk Factors Body Mass Index and Infectious Encephalitis.; PMID 33977204 (2021): Deletion of Rptor in Preosteoblasts Reveals a Role for the Mammalian Target of Rapamycin Complex 1 (mTORC1) Complex in Dietary-Induced Changes to Bone Mass and Glucose Homeostasis in Female Mice.,"RPTOR[Title/Abstract] AND (obesity[Title/Abstract] OR adiposity[Title/Abstract] OR ""body mass index""[Title/Abstract] OR BMI[Title/Abstract] OR ""body fat""[Title/Abstract]) AND (""1900/01/01""[Date - Publication] : ""2026/09/30""[Date - Publication])",10
ADCY5,17,32046385; 41634175; 39104385; 36705562; 33619380; 27130571; 22956255; 34801028; 34645939; 34169461,PMID 32046385 (2020): EBF1 Gene mRNA Levels in Maternal Blood and Spontaneous Preterm Birth.; PMID 41634175 (2026): Maternal and fetal genetic predispositions to insulin deficiency and resistance affect fetal growth through distinct pathways.; PMID 39104385 (2024): Comprehensively prognostic and immunological analyses of GLP-1 signaling-related genes in pan-cancer and validation in colorectal cancer.,"ADCY5[Title/Abstract] AND (obesity[Title/Abstract] OR adiposity[Title/Abstract] OR ""body mass index""[Title/Abstract] OR BMI[Title/Abstract] OR ""body fat""[Title/Abstract]) AND (""1900/01/01""[Date - Publication] : ""2026/09/30""[Date - Publication])",8
HMGA2,28,33550286; 33139812; 21267535; 18383898; 17956125; 14627817; 40300110; 37223019; 35679898; 35212375,PMID 33550286 (2026): MicroRNA Expression Profiles in the Subcutaneous Adipose Tissues of Morbidly Obese Chinese Women.; PMID 33139812 (2021): Identification of HMGA2 inhibitors by AlphaScreen-based ultra-high-throughput screening assays.; PMID 18383898 (2008): Clinicopathological features of lipomas with gene fusions involving HMGA2.,"HMGA2[Title/Abstract] AND (obesity[Title/Abstract] OR adiposity[Title/Abstract] OR ""body mass index""[Title/Abstract] OR BMI[Title/Abstract] OR ""body fat""[Title/Abstract]) AND (""1900/01/01""[Date - Publication] : ""2026/09/30""[Date - Publication])",9
COBLL1,14,26833246; 23754948; 37253881; 35955692; 31766143; 38699158; 40272846; 36009479; 26757982; 23160641,"PMID 26833246 (2016): New loci for body fat percentage reveal link between adiposity and cardiometabolic disease risk.; PMID 23754948 (2013): Sex-stratified genome-wide association studies including 270,000 individuals show sexual dimorphism in genetic loci for anthropometric traits.; PMID 37253881 (2023): A non-coding variant linked to metabolic obesity with normal weight affects actin remodelling in subcutaneous adipocytes.","COBLL1[Title/Abstract] AND (obesity[Title/Abstract] OR adiposity[Title/Abstract] OR ""body mass index""[Title/Abstract] OR BMI[Title/Abstract] OR ""body fat""[Title/Abstract]) AND (""1900/01/01""[Date - Publication] : ""2026/09/30""[Date - Publication])",9
GPR75,30,38945795; 37247305; 36978267; 35023939; 34210852; 33011364; 42759884; 41545757; 42727833; 41576172,PMID 38945795 (2024): An orphan to the rescue of obesity and steatotic liver?; PMID 37247305 (2023): G Protein-Coupled Receptor 75 (GPR75) As a Novel Molecule for Targeted Therapy of Cancer and Metabolic Syndrome.; PMID 36978267 (2023): Mice deficient for G-protein-coupled receptor 75 display altered presynaptic structural protein expression and disrupted fear conditioning recall.,"GPR75[Title/Abstract] AND (obesity[Title/Abstract] OR adiposity[Title/Abstract] OR ""body mass index""[Title/Abstract] OR BMI[Title/Abstract] OR ""body fat""[Title/Abstract]) AND (""1900/01/01""[Date - Publication] : ""2026/09/30""[Date - Publication])",10
CALCR,24,42744908; 29522093; 42260119; 39910307; 38059498; 33962048; 16713399; 38147963; 35050175; 34210852,PMID 42744908 (2026): Cagrilintide and retatrutide combination therapy enhances weight loss and metabolic outcomes in obese male rats.; PMID 29522093 (2018): Essential Role for Hypothalamic Calcitonin Receptor‒Expressing Neurons in the Control of Food Intake by Leptin.; PMID 42260119 (2026): A cross-species atlas of the dorsal vagal complex reveals neural mediators of the effects of cagrilintide on energy balance.,"CALCR[Title/Abstract] AND (obesity[Title/Abstract] OR adiposity[Title/Abstract] OR ""body mass index""[Title/Abstract] OR BMI[Title/Abstract] OR ""body fat""[Title/Abstract]) AND (""1900/01/01""[Date - Publication] : ""2026/09/30""[Date - Publication])",8
UBR2,2,36346641; 35245436,PMID 36346641 (2023): N-end Rule-Mediated Proteasomal Degradation of ATGL Promotes Lipid Storage.; PMID 35245436 (2022): Amelioration of hepatic steatosis by dietary essential amino acid-induced ubiquitination.,"UBR2[Title/Abstract] AND (obesity[Title/Abstract] OR adiposity[Title/Abstract] OR ""body mass index""[Title/Abstract] OR BMI[Title/Abstract] OR ""body fat""[Title/Abstract]) AND (""1900/01/01""[Date - Publication] : ""2026/09/30""[Date - Publication])",2
ANO4,0,,,"ANO4[Title/Abstract] AND (obesity[Title/Abstract] OR adiposity[Title/Abstract] OR ""body mass index""[Title/Abstract] OR BMI[Title/Abstract] OR ""body fat""[Title/Abstract]) AND (""1900/01/01""[Date - Publication] : ""2026/09/30""[Date - Publication])",0
PDE3B,43,21330134; 34875679; 29691411; 28430825; 27321128; 25702569; 22292054; 11916944; 40680056; 38267387,PMID 21330134 (2011): Discovery of new inhibitor for PDE3 by virtual screening.; PMID 34875679 (2022): Identification of Rare Loss-of-Function Genetic Variation Regulating Body Fat Distribution.; PMID 29691411 (2019): Analysis of predicted loss-of-function variants in UK Biobank identifies variants protective for disease.,"PDE3B[Title/Abstract] AND (obesity[Title/Abstract] OR adiposity[Title/Abstract] OR ""body mass index""[Title/Abstract] OR BMI[Title/Abstract] OR ""body fat""[Title/Abstract]) AND (""1900/01/01""[Date - Publication] : ""2026/09/30""[Date - Publication])",10
ROBO1,9,42600716; 40204210; 39163753; 21412182; 25329354; 42579798; 34423876; 20816195; 18387595,PMID 42600716 (2026): Epicardial adipose tissue-secreted ANGPTL2 drives obesity-induced atrial fibrosis via the SLIT3/ROBO1 and Wnt5a signaling axes.; PMID 40204210 (2025): Mechanical activation of adipose tissue macrophages mediated by Piezo1 protects against diet-induced obesity by regulating sympathetic activity.; PMID 39163753 (2024): Shengmai San formula alleviates high-fat diet-induced obesity in mice through gut microbiota-derived bile acid promotion of M2 macrophage polarization and thermogenesis.,"ROBO1[Title/Abstract] AND (obesity[Title/Abstract] OR adiposity[Title/Abstract] OR ""body mass index""[Title/Abstract] OR BMI[Title/Abstract] OR ""body fat""[Title/Abstract]) AND (""1900/01/01""[Date - Publication] : ""2026/09/30""[Date - Publication])",9
BLTP1,0,,,"KIAA1109[Title/Abstract] AND (obesity[Title/Abstract] OR adiposity[Title/Abstract] OR ""body mass index""[Title/Abstract] OR BMI[Title/Abstract] OR ""body fat""[Title/Abstract]) AND (""1900/01/01""[Date - Publication] : ""2026/09/30""[Date - Publication])",0
SPARC,93,42564866; 39269452; 38292634; 36419767; 36018492; 35999587; 35963236; 35909571; 35850277; 34158658,PMID 42564866 (2026): Metabolic phenotype and patient characteristics associate with inter-donor variability of osteogenic differentiation in human adipose stem cells.; PMID 39269452 (2024): Exploring the roles of SPARC as a proinflammatory factor and its potential as a novel therapeutic target against cardiovascular disease.; PMID 38292634 (2024): Gut-targeted therapies for type 2 diabetes mellitus: A review.,"SPARC[Title/Abstract] AND (obesity[Title/Abstract] OR adiposity[Title/Abstract] OR ""body mass index""[Title/Abstract] OR BMI[Title/Abstract] OR ""body fat""[Title/Abstract]) AND (""1900/01/01""[Date - Publication] : ""2026/09/30""[Date - Publication])",10
DPP9,10,40187163; 34874954; 29888956; 21262219; 39175753; 38555007; 26242871; 39344392; 34777716; 33915844,PMID 40187163 (2025): Dipeptidyl peptidase 9 (DPP9) depletion from hepatocytes in experimental primary liver cancer.; PMID 34874954 (2022): A genome-wide association study identifies novel candidate genes for susceptibility to diabetes mellitus in non-obese cats.; PMID 29888956 (2019): Sex-specific epigenetic mediators between early life social disadvantage and adulthood BMI.,"DPP9[Title/Abstract] AND (obesity[Title/Abstract] OR adiposity[Title/Abstract] OR ""body mass index""[Title/Abstract] OR BMI[Title/Abstract] OR ""body fat""[Title/Abstract]) AND (""1900/01/01""[Date - Publication] : ""2026/09/30""[Date - Publication])",9
ANKRD27,0,,,"ANKRD27[Title/Abstract] AND (obesity[Title/Abstract] OR adiposity[Title/Abstract] OR ""body mass index""[Title/Abstract] OR BMI[Title/Abstract] OR ""body fat""[Title/Abstract]) AND (""1900/01/01""[Date - Publication] : ""2026/09/30""[Date - Publication])",0
ADCY9,9,35295960; 25946404; 41053884; 33619380; 27477082; 37579959; 36536439; 30887699; 23563607,PMID 35295960 (2022): Associations between Gene-Gene Interaction and Overweight/Obesity of 12-Month-Old Chinese Infants.; PMID 25946404 (2018): Genetics of second-generation antipsychotic and mood stabilizer-induced weight gain in bipolar disorder: common and specific effects of key regulators of fat-mass homoeostasis genes.; PMID 41053884 (2025): Choosing sweeteners wisely-nutrigenetic study on childhood obesity.,"ADCY9[Title/Abstract] AND (obesity[Title/Abstract] OR adiposity[Title/Abstract] OR ""body mass index""[Title/Abstract] OR BMI[Title/Abstract] OR ""body fat""[Title/Abstract]) AND (""1900/01/01""[Date - Publication] : ""2026/09/30""[Date - Publication])",8
CCND2,16,36016863; 33290791; 24464100; 41184917; 34187362; 34096637; 33690729; 32189007; 25605810; 37494602,"PMID 36016863 (2022): Circulating Extracellular Vesicles and Particles Derived From Adipocytes: The Potential Role in Spreading MicroRNAs Associated With Cellular Senescence.; PMID 33290791 (2021): Control of preadipocyte proliferation, apoptosis and early adipogenesis by the forkhead transcription factor FoxO6.; PMID 24464100 (2014): Identification of low-frequency and rare sequence variants associated with elevated or reduced risk of type 2 diabetes.","CCND2[Title/Abstract] AND (obesity[Title/Abstract] OR adiposity[Title/Abstract] OR ""body mass index""[Title/Abstract] OR BMI[Title/Abstract] OR ""body fat""[Title/Abstract]) AND (""1900/01/01""[Date - Publication] : ""2026/09/30""[Date - Publication])",10
MCM6,11,28285768; 40369625; 35069893; 40308198; 39999931; 28225053; 38035352; 22233423; 39275317; 39268985,PMID 40369625 (2025): Dissecting the genetic determinants and biological associations between body mass index and female reproductive disorders based on genome-wide association study.; PMID 35069893 (2022): Novel evidence of obesity paradox in esophageal adenocarcinoma: perspective on genes that uncouple adiposity from dismal outcomes.; PMID 40308198 (2025): Selected Genetic Characteristics of the Vietnamese Minority Living in the Czech Republic.,"MCM6[Title/Abstract] AND (obesity[Title/Abstract] OR adiposity[Title/Abstract] OR ""body mass index""[Title/Abstract] OR BMI[Title/Abstract] OR ""body fat""[Title/Abstract]) AND (""1900/01/01""[Date - Publication] : ""2026/09/30""[Date - Publication])",9
SYT10,0,,,"SYT10[Title/Abstract] AND (obesity[Title/Abstract] OR adiposity[Title/Abstract] OR ""body mass index""[Title/Abstract] OR BMI[Title/Abstract] OR ""body fat""[Title/Abstract]) AND (""1900/01/01""[Date - Publication] : ""2026/09/30""[Date - Publication])",0
ZFHX3,11,40428858; 33580673; 31931171; 22776031; 37713040; 23132824; 42648599; 36097363; 36045113; 29273807,PMID 40428858 (2025): Prevalence of Genetic Variants Associated with Atrial Fibrillation Risk in the Asymptomatic Young Adult Population.; PMID 33580673 (2021): Genetic insight into sick sinus syndrome.; PMID 31931171 (2022): Predicting atrial fibrillation using a combination of genetic risk score and clinical risk factors.,"ZFHX3[Title/Abstract] AND (obesity[Title/Abstract] OR adiposity[Title/Abstract] OR ""body mass index""[Title/Abstract] OR BMI[Title/Abstract] OR ""body fat""[Title/Abstract]) AND (""1900/01/01""[Date - Publication] : ""2026/09/30""[Date - Publication])",10
CRTC1,23,42230648; 36349991; 34588385; 33912553; 31878957; 29217834; 27002284; 18758446; 42480244; 39264819,"PMID 42230648 (2026): Targeting hypothalamic SIK3 to promote weight loss and improve glycemic control in mice.; PMID 36349991 (2022): CRTC1 deficiency, specifically in melanocortin-4 receptor-expressing cells, induces hyperphagia, obesity, and insulin resistance.; PMID 34588385 (2022): Analysis of genome-wide DNA methylation patterns in obesity.","CRTC1[Title/Abstract] AND (obesity[Title/Abstract] OR adiposity[Title/Abstract] OR ""body mass index""[Title/Abstract] OR BMI[Title/Abstract] OR ""body fat""[Title/Abstract]) AND (""1900/01/01""[Date - Publication] : ""2026/09/30""[Date - Publication])",10
FGF19,196,38863907; 28780756; 26428296; 26594197; 32621056; 29076506; 42609412; 42288872; 41822881; 41651333,PMID 38863907 (2024): The Roles of Non-Pharmacologic and Emerging Pharmacologic Management of Non-alcoholic Fatty Liver Disease and Sarcopenia: A Narrative Review.; PMID 28780756 (2018): Potential Hormone Mechanisms of Bariatric Surgery.; PMID 26428296 (2017): Metabolic fibroblast growth factors (FGFs): Mediators of energy homeostasis.,"FGF19[Title/Abstract] AND (obesity[Title/Abstract] OR adiposity[Title/Abstract] OR ""body mass index""[Title/Abstract] OR BMI[Title/Abstract] OR ""body fat""[Title/Abstract]) AND (""1900/01/01""[Date - Publication] : ""2026/09/30""[Date - Publication])",9
LINGO2,8,24782328; 22618246; 30567476; 24081222; 23708086; 38888423; 30426492; 25711307,PMID 24782328 (2015): New candidate loci identified by array-CGH in a cohort of 100 children presenting with syndromic obesity.; PMID 22618246 (2013): What model organisms and interactomics can reveal about the genetics of human obesity.; PMID 30567476 (2019): HisCoM-GGI: Hierarchical structural component analysis of gene-gene interactions.,"LINGO2[Title/Abstract] AND (obesity[Title/Abstract] OR adiposity[Title/Abstract] OR ""body mass index""[Title/Abstract] OR BMI[Title/Abstract] OR ""body fat""[Title/Abstract]) AND (""1900/01/01""[Date - Publication] : ""2026/09/30""[Date - Publication])",8
