Gene Symbol,Primary Hallmark,Secondary Hallmark,Mechanism,Biological Process,Tissue,Cell Type,Evidence Type,Evidence Strength,Supporting Reference,Rationale
GPR75,Energy Homeostasis & Neuroendocrine Regulation,,Protein-truncating variant burden is protective; knockout reduced weight gain in a mouse high-fat-diet model.,Energy balance and glycemic control.,Multiple; source supports organism-level phenotype,NR,Human genetics + functional literature,Moderate,https://pubmed.ncbi.nlm.nih.gov/34210852/; https://pubmed.ncbi.nlm.nih.gov/38945795/; https://pubmed.ncbi.nlm.nih.gov/37247305/; https://pubmed.ncbi.nlm.nih.gov/36978267/; https://pubmed.ncbi.nlm.nih.gov/40436827/,Large human exome gene-burden study plus mouse knockout; rs80328470 is a separate missense variant.
GPR75,Energy Homeostasis & Neuroendocrine Regulation,Glucose Homeostasis & Insulin Signaling,Protein-truncating variant burden is protective; knockout reduced weight gain in a mouse high-fat-diet model.,Energy balance and glycemic control.,Multiple; source supports organism-level phenotype,NR,Human genetics + functional literature,Moderate,https://pubmed.ncbi.nlm.nih.gov/34210852/; https://pubmed.ncbi.nlm.nih.gov/38945795/; https://pubmed.ncbi.nlm.nih.gov/37247305/; https://pubmed.ncbi.nlm.nih.gov/36978267/; https://pubmed.ncbi.nlm.nih.gov/40436827/,Large human exome gene-burden study plus mouse knockout; rs80328470 is a separate missense variant.
GPR75,Energy Homeostasis & Neuroendocrine Regulation,Adipose Tissue Biology & Adiposity,Protein-truncating variant burden is protective; knockout reduced weight gain in a mouse high-fat-diet model.,Energy balance and glycemic control.,Multiple; source supports organism-level phenotype,NR,Human genetics + functional literature,Moderate,https://pubmed.ncbi.nlm.nih.gov/34210852/; https://pubmed.ncbi.nlm.nih.gov/38945795/; https://pubmed.ncbi.nlm.nih.gov/37247305/; https://pubmed.ncbi.nlm.nih.gov/36978267/; https://pubmed.ncbi.nlm.nih.gov/40436827/,Large human exome gene-burden study plus mouse knockout; rs80328470 is a separate missense variant.
MC4R,Energy Homeostasis & Neuroendocrine Regulation,,Melanocortin receptor signaling in appetite and energy balance.,Central satiety and energy intake regulation.,Hypothalamus / central nervous system,Hypothalamic neurons,Human genetics + functional literature,Moderate,https://pubmed.ncbi.nlm.nih.gov/21295023/; https://pubmed.ncbi.nlm.nih.gov/41168175/; https://pubmed.ncbi.nlm.nih.gov/36815328/; https://pubmed.ncbi.nlm.nih.gov/30124842/,Human Mendelian and rare-variant evidence; functional pathway literature.
MC4R,Energy Homeostasis & Neuroendocrine Regulation,Genetic-Epigenetic-Developmental-Programming,Melanocortin receptor signaling in appetite and energy balance.,Central satiety and energy intake regulation.,Hypothalamus / central nervous system,Hypothalamic neurons,Human genetics + functional literature,Moderate,https://pubmed.ncbi.nlm.nih.gov/21295023/; https://pubmed.ncbi.nlm.nih.gov/41168175/; https://pubmed.ncbi.nlm.nih.gov/36815328/; https://pubmed.ncbi.nlm.nih.gov/30124842/,Human Mendelian and rare-variant evidence; functional pathway literature.
LEP,Energy Homeostasis & Neuroendocrine Regulation,,Leptin signaling conveys adiposity status to neuroendocrine circuits.,"Satiety, energy balance, and immunometabolic signaling.",Adipose tissue / hypothalamus,Adipocytes; hypothalamic neurons,Human genetics + functional literature,Moderate,https://pubmed.ncbi.nlm.nih.gov/9519759/; https://pubmed.ncbi.nlm.nih.gov/24525657/; https://pubmed.ncbi.nlm.nih.gov/28349664/,Mendelian human obesity and established hormone biology.
LEP,Energy Homeostasis & Neuroendocrine Regulation,Immunometabolic Inflammation,Leptin signaling conveys adiposity status to neuroendocrine circuits.,"Satiety, energy balance, and immunometabolic signaling.",Adipose tissue / hypothalamus,Adipocytes; hypothalamic neurons,Human genetics + functional literature,Moderate,https://pubmed.ncbi.nlm.nih.gov/9519759/; https://pubmed.ncbi.nlm.nih.gov/24525657/; https://pubmed.ncbi.nlm.nih.gov/28349664/,Mendelian human obesity and established hormone biology.
LEPR,Energy Homeostasis & Neuroendocrine Regulation,,Leptin receptor signaling in central energy-balance circuits.,Satiety and neuroendocrine regulation.,Hypothalamus,Hypothalamic neurons,Human genetics + functional literature,Moderate,https://pubmed.ncbi.nlm.nih.gov/39549719/; https://pubmed.ncbi.nlm.nih.gov/29726959/; https://pubmed.ncbi.nlm.nih.gov/25250132/,Mendelian human obesity and established receptor biology.
LEPR,Energy Homeostasis & Neuroendocrine Regulation,Immunometabolic Inflammation,Leptin receptor signaling in central energy-balance circuits.,Satiety and neuroendocrine regulation.,Hypothalamus,Hypothalamic neurons,Human genetics + functional literature,Moderate,https://pubmed.ncbi.nlm.nih.gov/39549719/; https://pubmed.ncbi.nlm.nih.gov/29726959/; https://pubmed.ncbi.nlm.nih.gov/25250132/,Mendelian human obesity and established receptor biology.
POMC,Energy Homeostasis & Neuroendocrine Regulation,,Pro-opiomelanocortin processing supplies melanocortin satiety signals.,Neuroendocrine control of appetite and energy homeostasis.,Hypothalamus / pituitary,POMC neurons,Human genetics + functional literature,Moderate,https://pubmed.ncbi.nlm.nih.gov/34207686/; https://pubmed.ncbi.nlm.nih.gov/34329773/; https://pubmed.ncbi.nlm.nih.gov/34177811/,Mendelian human obesity and established neuroendocrine biology.
PPARG,Adipose Tissue Biology & Adiposity,,Nuclear-receptor transcriptional control of adipocyte differentiation and lipid handling.,"Adipogenesis, lipid storage, and insulin sensitivity.",Adipose tissue,Adipocytes,Human genetics + functional literature,Moderate,https://pubmed.ncbi.nlm.nih.gov/41898705/; https://pubmed.ncbi.nlm.nih.gov/42471109/; https://pubmed.ncbi.nlm.nih.gov/37987083/; https://pubmed.ncbi.nlm.nih.gov/30124842/,Strong functional and human metabolic evidence.
PPARG,Adipose Tissue Biology & Adiposity,Lipid Metabolism & Lipid Handling,Nuclear-receptor transcriptional control of adipocyte differentiation and lipid handling.,"Adipogenesis, lipid storage, and insulin sensitivity.",Adipose tissue,Adipocytes,Human genetics + functional literature,Moderate,https://pubmed.ncbi.nlm.nih.gov/41898705/; https://pubmed.ncbi.nlm.nih.gov/42471109/; https://pubmed.ncbi.nlm.nih.gov/37987083/; https://pubmed.ncbi.nlm.nih.gov/30124842/,Strong functional and human metabolic evidence.
PPARG,Adipose Tissue Biology & Adiposity,Glucose Homeostasis & Insulin Signaling,Nuclear-receptor transcriptional control of adipocyte differentiation and lipid handling.,"Adipogenesis, lipid storage, and insulin sensitivity.",Adipose tissue,Adipocytes,Human genetics + functional literature,Moderate,https://pubmed.ncbi.nlm.nih.gov/41898705/; https://pubmed.ncbi.nlm.nih.gov/42471109/; https://pubmed.ncbi.nlm.nih.gov/37987083/; https://pubmed.ncbi.nlm.nih.gov/30124842/,Strong functional and human metabolic evidence.
PPARG,Adipose Tissue Biology & Adiposity,Immunometabolic Inflammation,Nuclear-receptor transcriptional control of adipocyte differentiation and lipid handling.,"Adipogenesis, lipid storage, and insulin sensitivity.",Adipose tissue,Adipocytes,Human genetics + functional literature,Moderate,https://pubmed.ncbi.nlm.nih.gov/41898705/; https://pubmed.ncbi.nlm.nih.gov/42471109/; https://pubmed.ncbi.nlm.nih.gov/37987083/; https://pubmed.ncbi.nlm.nih.gov/30124842/,Strong functional and human metabolic evidence.
FTO,Genetic-Epigenetic-Developmental-Programming,,Common intronic BMI locus; effector gene and tissue remain variant/context dependent.,Developmental and adiposity regulation; locus-to-gene mechanism is not resolved here.,NR,NR,Human genetics + functional literature,Moderate,https://pubmed.ncbi.nlm.nih.gov/24516669/; https://pubmed.ncbi.nlm.nih.gov/24663221/; https://pubmed.ncbi.nlm.nih.gov/42450214/; https://pubmed.ncbi.nlm.nih.gov/30124842/,Replicated common-variant GWAS locus; do not equate locus with proven causal gene.
FTO,Genetic-Epigenetic-Developmental-Programming,Adipose Tissue Biology & Adiposity,Common intronic BMI locus; effector gene and tissue remain variant/context dependent.,Developmental and adiposity regulation; locus-to-gene mechanism is not resolved here.,NR,NR,Human genetics + functional literature,Moderate,https://pubmed.ncbi.nlm.nih.gov/24516669/; https://pubmed.ncbi.nlm.nih.gov/24663221/; https://pubmed.ncbi.nlm.nih.gov/42450214/; https://pubmed.ncbi.nlm.nih.gov/30124842/,Replicated common-variant GWAS locus; do not equate locus with proven causal gene.
SH2B1,Energy Homeostasis & Neuroendocrine Regulation,,Adaptor signaling in leptin/insulin-related pathways; human deletion/variant evidence.,Neuroendocrine and metabolic signal transduction.,Hypothalamus / peripheral metabolic tissues,NR,Human genetics + functional literature,Moderate,https://pubmed.ncbi.nlm.nih.gov/33060593/; https://pubmed.ncbi.nlm.nih.gov/42724349/; https://pubmed.ncbi.nlm.nih.gov/42405204/,Human genetic evidence; exact obesity effect may involve multiple nearby genes.
SH2B1,Energy Homeostasis & Neuroendocrine Regulation,Genetic-Epigenetic-Developmental-Programming,Adaptor signaling in leptin/insulin-related pathways; human deletion/variant evidence.,Neuroendocrine and metabolic signal transduction.,Hypothalamus / peripheral metabolic tissues,NR,Human genetics + functional literature,Moderate,https://pubmed.ncbi.nlm.nih.gov/33060593/; https://pubmed.ncbi.nlm.nih.gov/42724349/; https://pubmed.ncbi.nlm.nih.gov/42405204/,Human genetic evidence; exact obesity effect may involve multiple nearby genes.
PCSK1,Energy Homeostasis & Neuroendocrine Regulation,,Prohormone processing affects appetite and enteroendocrine signaling.,Neuropeptide and gut-hormone maturation.,Neuroendocrine tissues / intestine,Endocrine cells and neurons,Human genetics + functional literature,Moderate,https://pubmed.ncbi.nlm.nih.gov/39526054/; https://pubmed.ncbi.nlm.nih.gov/36722447/; https://pubmed.ncbi.nlm.nih.gov/40836563/,Mendelian human obesity; tissue-specific mechanisms require separation.
PCSK1,Energy Homeostasis & Neuroendocrine Regulation,Gut Microbiome & Intestinal Biology,Prohormone processing affects appetite and enteroendocrine signaling.,Neuropeptide and gut-hormone maturation.,Neuroendocrine tissues / intestine,Endocrine cells and neurons,Human genetics + functional literature,Moderate,https://pubmed.ncbi.nlm.nih.gov/39526054/; https://pubmed.ncbi.nlm.nih.gov/36722447/; https://pubmed.ncbi.nlm.nih.gov/40836563/,Mendelian human obesity; tissue-specific mechanisms require separation.
ADCY3,Energy Homeostasis & Neuroendocrine Regulation,,cAMP generation contributes to neuronal energy-balance signaling.,Neuroendocrine signaling and cellular second-messenger metabolism.,Hypothalamus,Neurons,Human genetics + functional literature,Moderate,https://pubmed.ncbi.nlm.nih.gov/34207686/; https://pubmed.ncbi.nlm.nih.gov/33459256/; https://pubmed.ncbi.nlm.nih.gov/29311636/,Human rare-variant evidence and mechanistic pathway support.
ADCY3,Energy Homeostasis & Neuroendocrine Regulation,Mitochondrial & Cellular Energy Metabolism,cAMP generation contributes to neuronal energy-balance signaling.,Neuroendocrine signaling and cellular second-messenger metabolism.,Hypothalamus,Neurons,Human genetics + functional literature,Moderate,https://pubmed.ncbi.nlm.nih.gov/34207686/; https://pubmed.ncbi.nlm.nih.gov/33459256/; https://pubmed.ncbi.nlm.nih.gov/29311636/,Human rare-variant evidence and mechanistic pathway support.
GIPR,Glucose Homeostasis & Insulin Signaling,,Incretin receptor signaling; Catalog also maps adiposity-associated loci to this gene.,Glucose-dependent insulin secretion and gut-hormone signaling.,Pancreas / intestine / adipose tissue,Endocrine cells,Human genetics + functional literature,Moderate,https://pubmed.ncbi.nlm.nih.gov/36820516/; https://pubmed.ncbi.nlm.nih.gov/38367045/; https://pubmed.ncbi.nlm.nih.gov/40555693/; https://pubmed.ncbi.nlm.nih.gov/30124842/,Human common and coding-variant evidence; mapped GWAS loci are not all causal.
GIPR,Glucose Homeostasis & Insulin Signaling,Gut Microbiome & Intestinal Biology,Incretin receptor signaling; Catalog also maps adiposity-associated loci to this gene.,Glucose-dependent insulin secretion and gut-hormone signaling.,Pancreas / intestine / adipose tissue,Endocrine cells,Human genetics + functional literature,Moderate,https://pubmed.ncbi.nlm.nih.gov/36820516/; https://pubmed.ncbi.nlm.nih.gov/38367045/; https://pubmed.ncbi.nlm.nih.gov/40555693/; https://pubmed.ncbi.nlm.nih.gov/30124842/,Human common and coding-variant evidence; mapped GWAS loci are not all causal.
BDNF,Energy Homeostasis & Neuroendocrine Regulation,,Neurotrophin signaling supports appetite circuitry and development.,Neuronal development and energy intake regulation.,Brain,Neurons,Human genetics + functional literature,Moderate,https://pubmed.ncbi.nlm.nih.gov/42744874/; https://pubmed.ncbi.nlm.nih.gov/18667348/; https://pubmed.ncbi.nlm.nih.gov/35166024/,Human syndromic/rare-variant and functional evidence.
BDNF,Energy Homeostasis & Neuroendocrine Regulation,Genetic-Epigenetic-Developmental-Programming,Neurotrophin signaling supports appetite circuitry and development.,Neuronal development and energy intake regulation.,Brain,Neurons,Human genetics + functional literature,Moderate,https://pubmed.ncbi.nlm.nih.gov/42744874/; https://pubmed.ncbi.nlm.nih.gov/18667348/; https://pubmed.ncbi.nlm.nih.gov/35166024/,Human syndromic/rare-variant and functional evidence.
SIM1,Energy Homeostasis & Neuroendocrine Regulation,,Hypothalamic development and energy-balance circuitry.,Neuroendocrine development and appetite regulation.,Hypothalamus,Hypothalamic neurons,Human genetics + functional literature,Moderate,https://pubmed.ncbi.nlm.nih.gov/42736455/; https://pubmed.ncbi.nlm.nih.gov/34214899/; https://pubmed.ncbi.nlm.nih.gov/22768843/,Human monogenic obesity and functional neurodevelopment evidence.
SIM1,Energy Homeostasis & Neuroendocrine Regulation,Genetic-Epigenetic-Developmental-Programming,Hypothalamic development and energy-balance circuitry.,Neuroendocrine development and appetite regulation.,Hypothalamus,Hypothalamic neurons,Human genetics + functional literature,Moderate,https://pubmed.ncbi.nlm.nih.gov/42736455/; https://pubmed.ncbi.nlm.nih.gov/34214899/; https://pubmed.ncbi.nlm.nih.gov/22768843/,Human monogenic obesity and functional neurodevelopment evidence.
TCF7L2,Glucose Homeostasis & Insulin Signaling,,Wnt/transcriptional locus with strong metabolic and adiposity-trait associations.,Glucose homeostasis; obesity-specific causal direction is not assigned.,Pancreas / adipose tissue,Endocrine cells,Human genetics + functional literature,Moderate,https://pubmed.ncbi.nlm.nih.gov/27344314/; https://pubmed.ncbi.nlm.nih.gov/24267432/; https://pubmed.ncbi.nlm.nih.gov/42677197/; https://pubmed.ncbi.nlm.nih.gov/30124842/,Replicated human metabolic genetics; Catalog mapped adiposity associations.
TCF7L2,Glucose Homeostasis & Insulin Signaling,Adipose Tissue Biology & Adiposity,Wnt/transcriptional locus with strong metabolic and adiposity-trait associations.,Glucose homeostasis; obesity-specific causal direction is not assigned.,Pancreas / adipose tissue,Endocrine cells,Human genetics + functional literature,Moderate,https://pubmed.ncbi.nlm.nih.gov/27344314/; https://pubmed.ncbi.nlm.nih.gov/24267432/; https://pubmed.ncbi.nlm.nih.gov/42677197/; https://pubmed.ncbi.nlm.nih.gov/30124842/,Replicated human metabolic genetics; Catalog mapped adiposity associations.
KSR2,Mitochondrial & Cellular Energy Metabolism,,Signaling scaffold implicated in cellular energy metabolism and insulin action.,Cellular energy use and neuroendocrine regulation.,Multiple metabolic tissues,NR,Human genetics + functional literature,Moderate,https://pubmed.ncbi.nlm.nih.gov/24736852/; https://pubmed.ncbi.nlm.nih.gov/41751424/; https://pubmed.ncbi.nlm.nih.gov/40062973/,Rare human variants with functional metabolic follow-up.
KSR2,Mitochondrial & Cellular Energy Metabolism,Energy Homeostasis & Neuroendocrine Regulation,Signaling scaffold implicated in cellular energy metabolism and insulin action.,Cellular energy use and neuroendocrine regulation.,Multiple metabolic tissues,NR,Human genetics + functional literature,Moderate,https://pubmed.ncbi.nlm.nih.gov/24736852/; https://pubmed.ncbi.nlm.nih.gov/41751424/; https://pubmed.ncbi.nlm.nih.gov/40062973/,Rare human variants with functional metabolic follow-up.
MC3R,Energy Homeostasis & Neuroendocrine Regulation,,Melanocortin receptor signaling with effects on energy partitioning.,Neuroendocrine control of energy balance.,Central nervous system,Neurons,Human genetics + functional literature,Moderate,https://pubmed.ncbi.nlm.nih.gov/41002740/; https://pubmed.ncbi.nlm.nih.gov/33795520/; https://pubmed.ncbi.nlm.nih.gov/9311920/,Human and experimental evidence; less penetrant than classic MC4R obesity.
MC3R,Energy Homeostasis & Neuroendocrine Regulation,Adipose Tissue Biology & Adiposity,Melanocortin receptor signaling with effects on energy partitioning.,Neuroendocrine control of energy balance.,Central nervous system,Neurons,Human genetics + functional literature,Moderate,https://pubmed.ncbi.nlm.nih.gov/41002740/; https://pubmed.ncbi.nlm.nih.gov/33795520/; https://pubmed.ncbi.nlm.nih.gov/9311920/,Human and experimental evidence; less penetrant than classic MC4R obesity.
MRAP2,Energy Homeostasis & Neuroendocrine Regulation,,Melanocortin-receptor accessory protein in appetite regulation.,Neuroendocrine signaling.,Hypothalamus,Neurons,Human genetics + functional literature,Moderate,https://pubmed.ncbi.nlm.nih.gov/24011068/; https://pubmed.ncbi.nlm.nih.gov/41935248/; https://pubmed.ncbi.nlm.nih.gov/41596694/,Rare human and experimental obesity evidence.
MRAP2,Energy Homeostasis & Neuroendocrine Regulation,Genetic-Epigenetic-Developmental-Programming,Melanocortin-receptor accessory protein in appetite regulation.,Neuroendocrine signaling.,Hypothalamus,Neurons,Human genetics + functional literature,Moderate,https://pubmed.ncbi.nlm.nih.gov/24011068/; https://pubmed.ncbi.nlm.nih.gov/41935248/; https://pubmed.ncbi.nlm.nih.gov/41596694/,Rare human and experimental obesity evidence.
TMEM18,Energy Homeostasis & Neuroendocrine Regulation,,Replicated BMI locus near a transcriptional regulator; retrieved data do not resolve the causal gene.,Adiposity and neurodevelopmental locus association.,NR,NR,GWAS mapped locus / indirect biology,Limited; candidate assignment unresolved,https://pubmed.ncbi.nlm.nih.gov/25189249/; https://pubmed.ncbi.nlm.nih.gov/40475165/; https://pubmed.ncbi.nlm.nih.gov/39609904/; https://pubmed.ncbi.nlm.nih.gov/30124842/,Hallmark is a hypothesis based on a mapped adiposity locus; no gene-specific mechanism was established in this run.
TMEM18,Energy Homeostasis & Neuroendocrine Regulation,Genetic-Epigenetic-Developmental-Programming,Replicated BMI locus near a transcriptional regulator; retrieved data do not resolve the causal gene.,Adiposity and neurodevelopmental locus association.,NR,NR,GWAS mapped locus / indirect biology,Limited; candidate assignment unresolved,https://pubmed.ncbi.nlm.nih.gov/25189249/; https://pubmed.ncbi.nlm.nih.gov/40475165/; https://pubmed.ncbi.nlm.nih.gov/39609904/; https://pubmed.ncbi.nlm.nih.gov/30124842/,Hallmark is a hypothesis based on a mapped adiposity locus; no gene-specific mechanism was established in this run.
SLC39A8,Lipid Metabolism & Lipid Handling,,Metal-ion transport candidate at adiposity and metabolic-trait loci.,Cellular micronutrient transport and metabolic homeostasis.,Multiple tissues,NR,GWAS mapped locus / indirect biology,Limited; candidate assignment unresolved,https://pubmed.ncbi.nlm.nih.gov/40221434/; https://pubmed.ncbi.nlm.nih.gov/35784893/; https://pubmed.ncbi.nlm.nih.gov/28557351/; https://pubmed.ncbi.nlm.nih.gov/30124842/,Hallmark is a hypothesis based on a mapped adiposity locus; no gene-specific mechanism was established in this run.
SLC39A8,Lipid Metabolism & Lipid Handling,Glucose Homeostasis & Insulin Signaling,Metal-ion transport candidate at adiposity and metabolic-trait loci.,Cellular micronutrient transport and metabolic homeostasis.,Multiple tissues,NR,GWAS mapped locus / indirect biology,Limited; candidate assignment unresolved,https://pubmed.ncbi.nlm.nih.gov/40221434/; https://pubmed.ncbi.nlm.nih.gov/35784893/; https://pubmed.ncbi.nlm.nih.gov/28557351/; https://pubmed.ncbi.nlm.nih.gov/30124842/,Hallmark is a hypothesis based on a mapped adiposity locus; no gene-specific mechanism was established in this run.
SLC39A8,Lipid Metabolism & Lipid Handling,Skeletal Muscle Biology,Metal-ion transport candidate at adiposity and metabolic-trait loci.,Cellular micronutrient transport and metabolic homeostasis.,Multiple tissues,NR,GWAS mapped locus / indirect biology,Limited; candidate assignment unresolved,https://pubmed.ncbi.nlm.nih.gov/40221434/; https://pubmed.ncbi.nlm.nih.gov/35784893/; https://pubmed.ncbi.nlm.nih.gov/28557351/; https://pubmed.ncbi.nlm.nih.gov/30124842/,Hallmark is a hypothesis based on a mapped adiposity locus; no gene-specific mechanism was established in this run.
PDE3B,Glucose Homeostasis & Insulin Signaling,,cAMP phosphodiesterase and lipid-metabolic signaling candidate.,Glucose and lipid metabolism.,Adipose / metabolic tissues,NR,Human genetics + functional literature,Moderate,https://pubmed.ncbi.nlm.nih.gov/34210852/; https://pubmed.ncbi.nlm.nih.gov/21330134/; https://pubmed.ncbi.nlm.nih.gov/34875679/; https://pubmed.ncbi.nlm.nih.gov/29691411/,Rare coding association with biologically plausible metabolic pathway.
PDE3B,Glucose Homeostasis & Insulin Signaling,Adipose Tissue Biology & Adiposity,cAMP phosphodiesterase and lipid-metabolic signaling candidate.,Glucose and lipid metabolism.,Adipose / metabolic tissues,NR,Human genetics + functional literature,Moderate,https://pubmed.ncbi.nlm.nih.gov/34210852/; https://pubmed.ncbi.nlm.nih.gov/21330134/; https://pubmed.ncbi.nlm.nih.gov/34875679/; https://pubmed.ncbi.nlm.nih.gov/29691411/,Rare coding association with biologically plausible metabolic pathway.
HMGA2,Genetic-Epigenetic-Developmental-Programming,,Chromatin-associated developmental regulator at a BMI locus.,Developmental programming and body-size/adiposity regulation.,Developmental tissues,NR,GWAS mapped locus / indirect biology,Limited; candidate assignment unresolved,https://pubmed.ncbi.nlm.nih.gov/33550286/; https://pubmed.ncbi.nlm.nih.gov/33139812/; https://pubmed.ncbi.nlm.nih.gov/21267535/; https://pubmed.ncbi.nlm.nih.gov/30124842/,Hallmark is a hypothesis based on a mapped adiposity locus; no gene-specific mechanism was established in this run.
HMGA2,Genetic-Epigenetic-Developmental-Programming,Adipose Tissue Biology & Adiposity,Chromatin-associated developmental regulator at a BMI locus.,Developmental programming and body-size/adiposity regulation.,Developmental tissues,NR,GWAS mapped locus / indirect biology,Limited; candidate assignment unresolved,https://pubmed.ncbi.nlm.nih.gov/33550286/; https://pubmed.ncbi.nlm.nih.gov/33139812/; https://pubmed.ncbi.nlm.nih.gov/21267535/; https://pubmed.ncbi.nlm.nih.gov/30124842/,Hallmark is a hypothesis based on a mapped adiposity locus; no gene-specific mechanism was established in this run.
CALCR,Energy Homeostasis & Neuroendocrine Regulation,,Calcitonin receptor signaling candidate supported by rare coding burden evidence.,Neuroendocrine and energy-balance signaling.,NR,NR,Human genetics + functional literature,Moderate,https://pubmed.ncbi.nlm.nih.gov/34210852/; https://pubmed.ncbi.nlm.nih.gov/42744908/; https://pubmed.ncbi.nlm.nih.gov/29522093/; https://pubmed.ncbi.nlm.nih.gov/42260119/,Exome-wide rare coding association; no gene-specific experimental follow-up was scored here.
CALCR,Energy Homeostasis & Neuroendocrine Regulation,Mitochondrial & Cellular Energy Metabolism,Calcitonin receptor signaling candidate supported by rare coding burden evidence.,Neuroendocrine and energy-balance signaling.,NR,NR,Human genetics + functional literature,Moderate,https://pubmed.ncbi.nlm.nih.gov/34210852/; https://pubmed.ncbi.nlm.nih.gov/42744908/; https://pubmed.ncbi.nlm.nih.gov/29522093/; https://pubmed.ncbi.nlm.nih.gov/42260119/,Exome-wide rare coding association; no gene-specific experimental follow-up was scored here.
TFAP2B,Adipose Tissue Biology & Adiposity,,Transcription-factor candidate at a body-fat/BMI locus.,Adipocyte differentiation and developmental regulation.,Adipose / developmental tissues,Adipocytes,GWAS mapped locus / indirect biology,Limited; candidate assignment unresolved,https://pubmed.ncbi.nlm.nih.gov/38754426/; https://pubmed.ncbi.nlm.nih.gov/34621242/; https://pubmed.ncbi.nlm.nih.gov/32109558/; https://pubmed.ncbi.nlm.nih.gov/30124842/,Hallmark is a hypothesis based on a mapped adiposity locus; no gene-specific mechanism was established in this run.
TFAP2B,Adipose Tissue Biology & Adiposity,Genetic-Epigenetic-Developmental-Programming,Transcription-factor candidate at a body-fat/BMI locus.,Adipocyte differentiation and developmental regulation.,Adipose / developmental tissues,Adipocytes,GWAS mapped locus / indirect biology,Limited; candidate assignment unresolved,https://pubmed.ncbi.nlm.nih.gov/38754426/; https://pubmed.ncbi.nlm.nih.gov/34621242/; https://pubmed.ncbi.nlm.nih.gov/32109558/; https://pubmed.ncbi.nlm.nih.gov/30124842/,Hallmark is a hypothesis based on a mapped adiposity locus; no gene-specific mechanism was established in this run.
SEC16B,Adipose Tissue Biology & Adiposity,,Replicated BMI locus; a gene-specific mechanism is not resolved by the retrieved data.,Adiposity locus association.,NR,NR,GWAS mapped locus / indirect biology,Limited; candidate assignment unresolved,https://pubmed.ncbi.nlm.nih.gov/38604958/; https://pubmed.ncbi.nlm.nih.gov/29212175/; https://pubmed.ncbi.nlm.nih.gov/26680480/; https://pubmed.ncbi.nlm.nih.gov/30124842/,Hallmark is a hypothesis based on a mapped adiposity locus; no gene-specific mechanism was established in this run.
SEC16B,Adipose Tissue Biology & Adiposity,Energy Homeostasis & Neuroendocrine Regulation,Replicated BMI locus; a gene-specific mechanism is not resolved by the retrieved data.,Adiposity locus association.,NR,NR,GWAS mapped locus / indirect biology,Limited; candidate assignment unresolved,https://pubmed.ncbi.nlm.nih.gov/38604958/; https://pubmed.ncbi.nlm.nih.gov/29212175/; https://pubmed.ncbi.nlm.nih.gov/26680480/; https://pubmed.ncbi.nlm.nih.gov/30124842/,Hallmark is a hypothesis based on a mapped adiposity locus; no gene-specific mechanism was established in this run.
FAIM2,Energy Homeostasis & Neuroendocrine Regulation,,Neuronal survival candidate at an established BMI-associated locus.,Neuronal function and energy intake.,Brain,Neurons,GWAS mapped locus / indirect biology,Limited; candidate assignment unresolved,https://pubmed.ncbi.nlm.nih.gov/33627773/; https://pubmed.ncbi.nlm.nih.gov/31936053/; https://pubmed.ncbi.nlm.nih.gov/31504550/; https://pubmed.ncbi.nlm.nih.gov/30124842/,Hallmark is a hypothesis based on a mapped adiposity locus; no gene-specific mechanism was established in this run.
FAIM2,Energy Homeostasis & Neuroendocrine Regulation,Genetic-Epigenetic-Developmental-Programming,Neuronal survival candidate at an established BMI-associated locus.,Neuronal function and energy intake.,Brain,Neurons,GWAS mapped locus / indirect biology,Limited; candidate assignment unresolved,https://pubmed.ncbi.nlm.nih.gov/33627773/; https://pubmed.ncbi.nlm.nih.gov/31936053/; https://pubmed.ncbi.nlm.nih.gov/31504550/; https://pubmed.ncbi.nlm.nih.gov/30124842/,Hallmark is a hypothesis based on a mapped adiposity locus; no gene-specific mechanism was established in this run.
ZFHX3,Energy Homeostasis & Neuroendocrine Regulation,,"Mouse Zfhx3 variants altered growth, food intake, energy expenditure, and hypothalamic neuropeptides; SCN perturbation altered daily clock-controlled transcription.",Energy balance and circadian transcriptional regulation.,Suprachiasmatic nucleus / hypothalamus / whole animal,SCN and hypothalamic neurons,Human genetics + functional literature,Moderate,https://pubmed.ncbi.nlm.nih.gov/40428858/; https://pubmed.ncbi.nlm.nih.gov/33580673/; https://pubmed.ncbi.nlm.nih.gov/31931171/; https://pubmed.ncbi.nlm.nih.gov/30124842/; https://pubmed.ncbi.nlm.nih.gov/36045113/; https://pubmed.ncbi.nlm.nih.gov/37713040/; https://pubmed.ncbi.nlm.nih.gov/40117332/,"Human abdominal-obesity locus evidence, mouse metabolic phenotyping, and SCN ChIP-seq/RNA-seq (PMIDs 36045113, 37713040, 40117332); not causal human gene proof."
ZFHX3,Energy Homeostasis & Neuroendocrine Regulation,Circadian Biology,"Mouse Zfhx3 variants altered growth, food intake, energy expenditure, and hypothalamic neuropeptides; SCN perturbation altered daily clock-controlled transcription.",Energy balance and circadian transcriptional regulation.,Suprachiasmatic nucleus / hypothalamus / whole animal,SCN and hypothalamic neurons,Human genetics + functional literature,Moderate,https://pubmed.ncbi.nlm.nih.gov/40428858/; https://pubmed.ncbi.nlm.nih.gov/33580673/; https://pubmed.ncbi.nlm.nih.gov/31931171/; https://pubmed.ncbi.nlm.nih.gov/30124842/; https://pubmed.ncbi.nlm.nih.gov/36045113/; https://pubmed.ncbi.nlm.nih.gov/37713040/; https://pubmed.ncbi.nlm.nih.gov/40117332/,"Human abdominal-obesity locus evidence, mouse metabolic phenotyping, and SCN ChIP-seq/RNA-seq (PMIDs 36045113, 37713040, 40117332); not causal human gene proof."
NRXN3,Energy Homeostasis & Neuroendocrine Regulation,,Neuronal synaptic-adhesion candidate at BMI-associated loci.,Neuronal circuitry and energy intake.,Brain,Neurons,GWAS mapped locus / indirect biology,Limited; candidate assignment unresolved,https://pubmed.ncbi.nlm.nih.gov/42065629/; https://pubmed.ncbi.nlm.nih.gov/40869120/; https://pubmed.ncbi.nlm.nih.gov/39090731/; https://pubmed.ncbi.nlm.nih.gov/30124842/,Hallmark is a hypothesis based on a mapped adiposity locus; no gene-specific mechanism was established in this run.
NRXN3,Energy Homeostasis & Neuroendocrine Regulation,Genetic-Epigenetic-Developmental-Programming,Neuronal synaptic-adhesion candidate at BMI-associated loci.,Neuronal circuitry and energy intake.,Brain,Neurons,GWAS mapped locus / indirect biology,Limited; candidate assignment unresolved,https://pubmed.ncbi.nlm.nih.gov/42065629/; https://pubmed.ncbi.nlm.nih.gov/40869120/; https://pubmed.ncbi.nlm.nih.gov/39090731/; https://pubmed.ncbi.nlm.nih.gov/30124842/,Hallmark is a hypothesis based on a mapped adiposity locus; no gene-specific mechanism was established in this run.
ETV5,Energy Homeostasis & Neuroendocrine Regulation,,Transcription-factor candidate at a replicated BMI locus.,Neural/developmental regulation; target gene causality uncertain.,NR,NR,GWAS mapped locus / indirect biology,Limited; candidate assignment unresolved,https://pubmed.ncbi.nlm.nih.gov/34716308/; https://pubmed.ncbi.nlm.nih.gov/28645872/; https://pubmed.ncbi.nlm.nih.gov/28041791/; https://pubmed.ncbi.nlm.nih.gov/30124842/,Hallmark is a hypothesis based on a mapped adiposity locus; no gene-specific mechanism was established in this run.
ETV5,Energy Homeostasis & Neuroendocrine Regulation,Genetic-Epigenetic-Developmental-Programming,Transcription-factor candidate at a replicated BMI locus.,Neural/developmental regulation; target gene causality uncertain.,NR,NR,GWAS mapped locus / indirect biology,Limited; candidate assignment unresolved,https://pubmed.ncbi.nlm.nih.gov/34716308/; https://pubmed.ncbi.nlm.nih.gov/28645872/; https://pubmed.ncbi.nlm.nih.gov/28041791/; https://pubmed.ncbi.nlm.nih.gov/30124842/,Hallmark is a hypothesis based on a mapped adiposity locus; no gene-specific mechanism was established in this run.
NEGR1,Energy Homeostasis & Neuroendocrine Regulation,,Neuronal cell-adhesion candidate at a replicated BMI locus.,Neuronal development and adiposity locus association.,Brain,Neurons,GWAS mapped locus / indirect biology,Limited; candidate assignment unresolved,https://pubmed.ncbi.nlm.nih.gov/27617112/; https://pubmed.ncbi.nlm.nih.gov/40405979/; https://pubmed.ncbi.nlm.nih.gov/37935012/; https://pubmed.ncbi.nlm.nih.gov/30124842/,Hallmark is a hypothesis based on a mapped adiposity locus; no gene-specific mechanism was established in this run.
NEGR1,Energy Homeostasis & Neuroendocrine Regulation,Genetic-Epigenetic-Developmental-Programming,Neuronal cell-adhesion candidate at a replicated BMI locus.,Neuronal development and adiposity locus association.,Brain,Neurons,GWAS mapped locus / indirect biology,Limited; candidate assignment unresolved,https://pubmed.ncbi.nlm.nih.gov/27617112/; https://pubmed.ncbi.nlm.nih.gov/40405979/; https://pubmed.ncbi.nlm.nih.gov/37935012/; https://pubmed.ncbi.nlm.nih.gov/30124842/,Hallmark is a hypothesis based on a mapped adiposity locus; no gene-specific mechanism was established in this run.
NPC1,Lipid Metabolism & Lipid Handling,,Intracellular cholesterol trafficking.,Lipid handling and cellular metabolism.,Multiple tissues,NR,GWAS mapped locus / indirect biology,Limited; candidate assignment unresolved,https://pubmed.ncbi.nlm.nih.gov/30209687/; https://pubmed.ncbi.nlm.nih.gov/42434303/; https://pubmed.ncbi.nlm.nih.gov/33139814/; https://pubmed.ncbi.nlm.nih.gov/30124842/,Hallmark is a hypothesis based on a mapped adiposity locus; no gene-specific mechanism was established in this run.
NPC1,Lipid Metabolism & Lipid Handling,Mitochondrial & Cellular Energy Metabolism,Intracellular cholesterol trafficking.,Lipid handling and cellular metabolism.,Multiple tissues,NR,GWAS mapped locus / indirect biology,Limited; candidate assignment unresolved,https://pubmed.ncbi.nlm.nih.gov/30209687/; https://pubmed.ncbi.nlm.nih.gov/42434303/; https://pubmed.ncbi.nlm.nih.gov/33139814/; https://pubmed.ncbi.nlm.nih.gov/30124842/,Hallmark is a hypothesis based on a mapped adiposity locus; no gene-specific mechanism was established in this run.
ADCY5,Glucose Homeostasis & Insulin Signaling,,cAMP signaling candidate at metabolic-trait and adiposity loci.,Glucose-stimulated insulin secretion and second-messenger signaling.,Pancreas / muscle,Endocrine cells,GWAS mapped locus / indirect biology,Limited; candidate assignment unresolved,https://pubmed.ncbi.nlm.nih.gov/32046385/; https://pubmed.ncbi.nlm.nih.gov/41634175/; https://pubmed.ncbi.nlm.nih.gov/39104385/; https://pubmed.ncbi.nlm.nih.gov/30124842/,Hallmark is a hypothesis based on a mapped adiposity locus; no gene-specific mechanism was established in this run.
ADCY5,Glucose Homeostasis & Insulin Signaling,Skeletal Muscle Biology,cAMP signaling candidate at metabolic-trait and adiposity loci.,Glucose-stimulated insulin secretion and second-messenger signaling.,Pancreas / muscle,Endocrine cells,GWAS mapped locus / indirect biology,Limited; candidate assignment unresolved,https://pubmed.ncbi.nlm.nih.gov/32046385/; https://pubmed.ncbi.nlm.nih.gov/41634175/; https://pubmed.ncbi.nlm.nih.gov/39104385/; https://pubmed.ncbi.nlm.nih.gov/30124842/,Hallmark is a hypothesis based on a mapped adiposity locus; no gene-specific mechanism was established in this run.
SPARC,Immunometabolic Inflammation,,Extracellular-matrix and adipose-remodeling candidate at a rare-variant signal.,Tissue remodeling and immunometabolic context.,Adipose / connective tissue,Stromal cells,Human genetics + functional literature,Moderate,https://pubmed.ncbi.nlm.nih.gov/34210852/; https://pubmed.ncbi.nlm.nih.gov/42564866/; https://pubmed.ncbi.nlm.nih.gov/39269452/; https://pubmed.ncbi.nlm.nih.gov/38292634/,Rare coding association plus plausible tissue biology; specific causal route unconfirmed.
SPARC,Immunometabolic Inflammation,Adipose Tissue Biology & Adiposity,Extracellular-matrix and adipose-remodeling candidate at a rare-variant signal.,Tissue remodeling and immunometabolic context.,Adipose / connective tissue,Stromal cells,Human genetics + functional literature,Moderate,https://pubmed.ncbi.nlm.nih.gov/34210852/; https://pubmed.ncbi.nlm.nih.gov/42564866/; https://pubmed.ncbi.nlm.nih.gov/39269452/; https://pubmed.ncbi.nlm.nih.gov/38292634/,Rare coding association plus plausible tissue biology; specific causal route unconfirmed.
RPTOR,Mitochondrial & Cellular Energy Metabolism,,mTORC1 scaffold and nutrient-sensing candidate at an adiposity locus.,"Cell growth, nutrient sensing, and metabolic signaling.",Multiple metabolic tissues,NR,GWAS mapped locus / indirect biology,Limited; candidate assignment unresolved,https://pubmed.ncbi.nlm.nih.gov/40149317/; https://pubmed.ncbi.nlm.nih.gov/38746632/; https://pubmed.ncbi.nlm.nih.gov/33977204/; https://pubmed.ncbi.nlm.nih.gov/30124842/,Hallmark is a hypothesis based on a mapped adiposity locus; no gene-specific mechanism was established in this run.
RPTOR,Mitochondrial & Cellular Energy Metabolism,Glucose Homeostasis & Insulin Signaling,mTORC1 scaffold and nutrient-sensing candidate at an adiposity locus.,"Cell growth, nutrient sensing, and metabolic signaling.",Multiple metabolic tissues,NR,GWAS mapped locus / indirect biology,Limited; candidate assignment unresolved,https://pubmed.ncbi.nlm.nih.gov/40149317/; https://pubmed.ncbi.nlm.nih.gov/38746632/; https://pubmed.ncbi.nlm.nih.gov/33977204/; https://pubmed.ncbi.nlm.nih.gov/30124842/,Hallmark is a hypothesis based on a mapped adiposity locus; no gene-specific mechanism was established in this run.
RPTOR,Mitochondrial & Cellular Energy Metabolism,Adipose Tissue Biology & Adiposity,mTORC1 scaffold and nutrient-sensing candidate at an adiposity locus.,"Cell growth, nutrient sensing, and metabolic signaling.",Multiple metabolic tissues,NR,GWAS mapped locus / indirect biology,Limited; candidate assignment unresolved,https://pubmed.ncbi.nlm.nih.gov/40149317/; https://pubmed.ncbi.nlm.nih.gov/38746632/; https://pubmed.ncbi.nlm.nih.gov/33977204/; https://pubmed.ncbi.nlm.nih.gov/30124842/,Hallmark is a hypothesis based on a mapped adiposity locus; no gene-specific mechanism was established in this run.
KCTD15,Genetic-Epigenetic-Developmental-Programming,,Developmental transcriptional candidate at an obesity-associated locus.,Developmental regulation and adiposity.,NR,NR,GWAS mapped locus / indirect biology,Limited; candidate assignment unresolved,https://pubmed.ncbi.nlm.nih.gov/33299884/; https://pubmed.ncbi.nlm.nih.gov/32109558/; https://pubmed.ncbi.nlm.nih.gov/24269186/; https://pubmed.ncbi.nlm.nih.gov/30124842/,Hallmark is a hypothesis based on a mapped adiposity locus; no gene-specific mechanism was established in this run.
KCTD15,Genetic-Epigenetic-Developmental-Programming,Energy Homeostasis & Neuroendocrine Regulation,Developmental transcriptional candidate at an obesity-associated locus.,Developmental regulation and adiposity.,NR,NR,GWAS mapped locus / indirect biology,Limited; candidate assignment unresolved,https://pubmed.ncbi.nlm.nih.gov/33299884/; https://pubmed.ncbi.nlm.nih.gov/32109558/; https://pubmed.ncbi.nlm.nih.gov/24269186/; https://pubmed.ncbi.nlm.nih.gov/30124842/,Hallmark is a hypothesis based on a mapped adiposity locus; no gene-specific mechanism was established in this run.
DPP9,Immunometabolic Inflammation,,Protease/inflammasome-related pathway candidate at a rare coding signal.,Inflammatory signaling and cellular homeostasis.,Immune / metabolic tissues,Immune cells,Human genetics + functional literature,Moderate,https://pubmed.ncbi.nlm.nih.gov/34210852/; https://pubmed.ncbi.nlm.nih.gov/40187163/; https://pubmed.ncbi.nlm.nih.gov/34874954/; https://pubmed.ncbi.nlm.nih.gov/29888956/,Rare coding association; obesity-specific mechanism not established.
DPP9,Immunometabolic Inflammation,Mitochondrial & Cellular Energy Metabolism,Protease/inflammasome-related pathway candidate at a rare coding signal.,Inflammatory signaling and cellular homeostasis.,Immune / metabolic tissues,Immune cells,Human genetics + functional literature,Moderate,https://pubmed.ncbi.nlm.nih.gov/34210852/; https://pubmed.ncbi.nlm.nih.gov/40187163/; https://pubmed.ncbi.nlm.nih.gov/34874954/; https://pubmed.ncbi.nlm.nih.gov/29888956/,Rare coding association; obesity-specific mechanism not established.
GNPDA2,Mitochondrial & Cellular Energy Metabolism,,Glucosamine metabolism candidate at a replicated BMI locus.,Cellular carbohydrate metabolism and adiposity.,NR,NR,GWAS mapped locus / indirect biology,Limited; candidate assignment unresolved,https://pubmed.ncbi.nlm.nih.gov/40195065/; https://pubmed.ncbi.nlm.nih.gov/32982666/; https://pubmed.ncbi.nlm.nih.gov/32210695/; https://pubmed.ncbi.nlm.nih.gov/30124842/,Hallmark is a hypothesis based on a mapped adiposity locus; no gene-specific mechanism was established in this run.
GNPDA2,Mitochondrial & Cellular Energy Metabolism,Energy Homeostasis & Neuroendocrine Regulation,Glucosamine metabolism candidate at a replicated BMI locus.,Cellular carbohydrate metabolism and adiposity.,NR,NR,GWAS mapped locus / indirect biology,Limited; candidate assignment unresolved,https://pubmed.ncbi.nlm.nih.gov/40195065/; https://pubmed.ncbi.nlm.nih.gov/32982666/; https://pubmed.ncbi.nlm.nih.gov/32210695/; https://pubmed.ncbi.nlm.nih.gov/30124842/,Hallmark is a hypothesis based on a mapped adiposity locus; no gene-specific mechanism was established in this run.
ADCY9,Mitochondrial & Cellular Energy Metabolism,,cAMP pathway candidate at an adiposity locus; effector gene unresolved.,Second-messenger and cellular energy signaling hypothesis.,NR,NR,GWAS mapped locus / indirect biology,Limited; candidate assignment unresolved,https://pubmed.ncbi.nlm.nih.gov/35295960/; https://pubmed.ncbi.nlm.nih.gov/25946404/; https://pubmed.ncbi.nlm.nih.gov/41053884/; https://pubmed.ncbi.nlm.nih.gov/30124842/,Hallmark is a hypothesis based on a mapped adiposity locus; no gene-specific mechanism was established in this run.
ADCY9,Mitochondrial & Cellular Energy Metabolism,Energy Homeostasis & Neuroendocrine Regulation,cAMP pathway candidate at an adiposity locus; effector gene unresolved.,Second-messenger and cellular energy signaling hypothesis.,NR,NR,GWAS mapped locus / indirect biology,Limited; candidate assignment unresolved,https://pubmed.ncbi.nlm.nih.gov/35295960/; https://pubmed.ncbi.nlm.nih.gov/25946404/; https://pubmed.ncbi.nlm.nih.gov/41053884/; https://pubmed.ncbi.nlm.nih.gov/30124842/,Hallmark is a hypothesis based on a mapped adiposity locus; no gene-specific mechanism was established in this run.
MAP2K5,Energy Homeostasis & Neuroendocrine Regulation,,BMI-associated locus with MAP-kinase candidate assignment.,Signal transduction; direct obesity mechanism not established here.,NR,NR,GWAS mapped locus / indirect biology,Limited; candidate assignment unresolved,https://pubmed.ncbi.nlm.nih.gov/41299637/; https://pubmed.ncbi.nlm.nih.gov/29212175/; https://pubmed.ncbi.nlm.nih.gov/26674805/; https://pubmed.ncbi.nlm.nih.gov/30124842/,Hallmark is a hypothesis based on a mapped adiposity locus; no gene-specific mechanism was established in this run.
MAP2K5,Energy Homeostasis & Neuroendocrine Regulation,Skeletal Muscle Biology,BMI-associated locus with MAP-kinase candidate assignment.,Signal transduction; direct obesity mechanism not established here.,NR,NR,GWAS mapped locus / indirect biology,Limited; candidate assignment unresolved,https://pubmed.ncbi.nlm.nih.gov/41299637/; https://pubmed.ncbi.nlm.nih.gov/29212175/; https://pubmed.ncbi.nlm.nih.gov/26674805/; https://pubmed.ncbi.nlm.nih.gov/30124842/,Hallmark is a hypothesis based on a mapped adiposity locus; no gene-specific mechanism was established in this run.
FGF19,Gut Microbiome & Intestinal Biology,,Gut-derived endocrine signaling candidate; Catalog maps adiposity-associated loci to this region.,"Intestinal endocrine, bile-acid, and metabolic signaling.",Ileum / liver,Enteroendocrine cells,GWAS mapped locus / indirect biology,Limited; candidate assignment unresolved,https://pubmed.ncbi.nlm.nih.gov/38863907/; https://pubmed.ncbi.nlm.nih.gov/28780756/; https://pubmed.ncbi.nlm.nih.gov/26428296/; https://pubmed.ncbi.nlm.nih.gov/30124842/,Hallmark is a hypothesis based on a mapped adiposity locus; no gene-specific mechanism was established in this run.
FGF19,Gut Microbiome & Intestinal Biology,Lipid Metabolism & Lipid Handling,Gut-derived endocrine signaling candidate; Catalog maps adiposity-associated loci to this region.,"Intestinal endocrine, bile-acid, and metabolic signaling.",Ileum / liver,Enteroendocrine cells,GWAS mapped locus / indirect biology,Limited; candidate assignment unresolved,https://pubmed.ncbi.nlm.nih.gov/38863907/; https://pubmed.ncbi.nlm.nih.gov/28780756/; https://pubmed.ncbi.nlm.nih.gov/26428296/; https://pubmed.ncbi.nlm.nih.gov/30124842/,Hallmark is a hypothesis based on a mapped adiposity locus; no gene-specific mechanism was established in this run.
FGF19,Gut Microbiome & Intestinal Biology,Glucose Homeostasis & Insulin Signaling,Gut-derived endocrine signaling candidate; Catalog maps adiposity-associated loci to this region.,"Intestinal endocrine, bile-acid, and metabolic signaling.",Ileum / liver,Enteroendocrine cells,GWAS mapped locus / indirect biology,Limited; candidate assignment unresolved,https://pubmed.ncbi.nlm.nih.gov/38863907/; https://pubmed.ncbi.nlm.nih.gov/28780756/; https://pubmed.ncbi.nlm.nih.gov/26428296/; https://pubmed.ncbi.nlm.nih.gov/30124842/,Hallmark is a hypothesis based on a mapped adiposity locus; no gene-specific mechanism was established in this run.
CCND2,Genetic-Epigenetic-Developmental-Programming,,Cell-cycle regulator mapped at an adiposity locus; gene-level mechanism not established.,Developmental/cell-proliferation hypothesis.,NR,NR,GWAS mapped locus / indirect biology,Limited; candidate assignment unresolved,https://pubmed.ncbi.nlm.nih.gov/36016863/; https://pubmed.ncbi.nlm.nih.gov/33290791/; https://pubmed.ncbi.nlm.nih.gov/24464100/; https://pubmed.ncbi.nlm.nih.gov/30124842/,Hallmark is a hypothesis based on a mapped adiposity locus; no gene-specific mechanism was established in this run.
CCND2,Genetic-Epigenetic-Developmental-Programming,Adipose Tissue Biology & Adiposity,Cell-cycle regulator mapped at an adiposity locus; gene-level mechanism not established.,Developmental/cell-proliferation hypothesis.,NR,NR,GWAS mapped locus / indirect biology,Limited; candidate assignment unresolved,https://pubmed.ncbi.nlm.nih.gov/36016863/; https://pubmed.ncbi.nlm.nih.gov/33290791/; https://pubmed.ncbi.nlm.nih.gov/24464100/; https://pubmed.ncbi.nlm.nih.gov/30124842/,Hallmark is a hypothesis based on a mapped adiposity locus; no gene-specific mechanism was established in this run.
LINGO2,Energy Homeostasis & Neuroendocrine Regulation,,Neural-development candidate at a BMI-associated locus.,Neuronal signaling hypothesis.,Brain (hypothesis),Neurons (hypothesis),GWAS mapped locus / indirect biology,Limited; candidate assignment unresolved,https://pubmed.ncbi.nlm.nih.gov/24782328/; https://pubmed.ncbi.nlm.nih.gov/22618246/; https://pubmed.ncbi.nlm.nih.gov/30567476/; https://pubmed.ncbi.nlm.nih.gov/30124842/,Hallmark is a hypothesis based on a mapped adiposity locus; no gene-specific mechanism was established in this run.
LINGO2,Energy Homeostasis & Neuroendocrine Regulation,Genetic-Epigenetic-Developmental-Programming,Neural-development candidate at a BMI-associated locus.,Neuronal signaling hypothesis.,Brain (hypothesis),Neurons (hypothesis),GWAS mapped locus / indirect biology,Limited; candidate assignment unresolved,https://pubmed.ncbi.nlm.nih.gov/24782328/; https://pubmed.ncbi.nlm.nih.gov/22618246/; https://pubmed.ncbi.nlm.nih.gov/30567476/; https://pubmed.ncbi.nlm.nih.gov/30124842/,Hallmark is a hypothesis based on a mapped adiposity locus; no gene-specific mechanism was established in this run.
ANO4,Mitochondrial & Cellular Energy Metabolism,,Rare coding burden candidate; cell-type and pathway mechanism unresolved.,Cellular signaling hypothesis.,NR,NR,Human genetics + functional literature,Moderate,https://pubmed.ncbi.nlm.nih.gov/34210852/,Human exome burden association; gene-level causality not independently validated here.
ANO4,Mitochondrial & Cellular Energy Metabolism,Energy Homeostasis & Neuroendocrine Regulation,Rare coding burden candidate; cell-type and pathway mechanism unresolved.,Cellular signaling hypothesis.,NR,NR,Human genetics + functional literature,Moderate,https://pubmed.ncbi.nlm.nih.gov/34210852/,Human exome burden association; gene-level causality not independently validated here.
UBR2,Genetic-Epigenetic-Developmental-Programming,,Rare coding burden candidate; mechanism in obesity remains unresolved.,Protein homeostasis / developmental programming hypothesis.,NR,NR,Human genetics + functional literature,Moderate,https://pubmed.ncbi.nlm.nih.gov/34210852/; https://pubmed.ncbi.nlm.nih.gov/36346641/; https://pubmed.ncbi.nlm.nih.gov/35245436/,Human exome burden association; no direct obesity mechanism assigned.
UBR2,Genetic-Epigenetic-Developmental-Programming,Mitochondrial & Cellular Energy Metabolism,Rare coding burden candidate; mechanism in obesity remains unresolved.,Protein homeostasis / developmental programming hypothesis.,NR,NR,Human genetics + functional literature,Moderate,https://pubmed.ncbi.nlm.nih.gov/34210852/; https://pubmed.ncbi.nlm.nih.gov/36346641/; https://pubmed.ncbi.nlm.nih.gov/35245436/,Human exome burden association; no direct obesity mechanism assigned.
ROBO1,Genetic-Epigenetic-Developmental-Programming,,Rare coding burden candidate; developmental/neuronal mechanism remains hypothetical.,Development and neural-circuit hypotheses.,NR,NR,Human genetics + functional literature,Moderate,https://pubmed.ncbi.nlm.nih.gov/34210852/; https://pubmed.ncbi.nlm.nih.gov/42600716/; https://pubmed.ncbi.nlm.nih.gov/40204210/; https://pubmed.ncbi.nlm.nih.gov/39163753/,Human exome burden signal; mechanism not resolved.
ROBO1,Genetic-Epigenetic-Developmental-Programming,Energy Homeostasis & Neuroendocrine Regulation,Rare coding burden candidate; developmental/neuronal mechanism remains hypothetical.,Development and neural-circuit hypotheses.,NR,NR,Human genetics + functional literature,Moderate,https://pubmed.ncbi.nlm.nih.gov/34210852/; https://pubmed.ncbi.nlm.nih.gov/42600716/; https://pubmed.ncbi.nlm.nih.gov/40204210/; https://pubmed.ncbi.nlm.nih.gov/39163753/,Human exome burden signal; mechanism not resolved.
ANKRD27,Mitochondrial & Cellular Energy Metabolism,,Rare coding burden candidate; vesicle-trafficking/adiposity mechanism is unvalidated.,Cellular trafficking hypothesis.,NR,NR,Human genetics + functional literature,Moderate,https://pubmed.ncbi.nlm.nih.gov/34210852/,Human exome burden association; no independent mechanistic validation scored.
ANKRD27,Mitochondrial & Cellular Energy Metabolism,Adipose Tissue Biology & Adiposity,Rare coding burden candidate; vesicle-trafficking/adiposity mechanism is unvalidated.,Cellular trafficking hypothesis.,NR,NR,Human genetics + functional literature,Moderate,https://pubmed.ncbi.nlm.nih.gov/34210852/,Human exome burden association; no independent mechanistic validation scored.
BLTP1,Genetic-Epigenetic-Developmental-Programming,,Rare coding burden candidate with unresolved obesity mechanism.,Developmental and cellular-process hypothesis.,NR,NR,Human genetics + functional literature,Moderate,https://pubmed.ncbi.nlm.nih.gov/34210852/,Human exome burden association reported under the legacy alias KIAA1109; gene-level mechanism is unresolved.
BLTP1,Genetic-Epigenetic-Developmental-Programming,Mitochondrial & Cellular Energy Metabolism,Rare coding burden candidate with unresolved obesity mechanism.,Developmental and cellular-process hypothesis.,NR,NR,Human genetics + functional literature,Moderate,https://pubmed.ncbi.nlm.nih.gov/34210852/,Human exome burden association reported under the legacy alias KIAA1109; gene-level mechanism is unresolved.
CRTC1,Energy Homeostasis & Neuroendocrine Regulation,,Transcriptional co-activator candidate at an adiposity locus.,Neuroendocrine and developmental regulation hypothesis.,NR,NR,GWAS mapped locus / indirect biology,Limited; candidate assignment unresolved,https://pubmed.ncbi.nlm.nih.gov/42230648/; https://pubmed.ncbi.nlm.nih.gov/36349991/; https://pubmed.ncbi.nlm.nih.gov/34588385/; https://pubmed.ncbi.nlm.nih.gov/30124842/,Hallmark is a hypothesis based on a mapped adiposity locus; no gene-specific mechanism was established in this run.
CRTC1,Energy Homeostasis & Neuroendocrine Regulation,Genetic-Epigenetic-Developmental-Programming,Transcriptional co-activator candidate at an adiposity locus.,Neuroendocrine and developmental regulation hypothesis.,NR,NR,GWAS mapped locus / indirect biology,Limited; candidate assignment unresolved,https://pubmed.ncbi.nlm.nih.gov/42230648/; https://pubmed.ncbi.nlm.nih.gov/36349991/; https://pubmed.ncbi.nlm.nih.gov/34588385/; https://pubmed.ncbi.nlm.nih.gov/30124842/,Hallmark is a hypothesis based on a mapped adiposity locus; no gene-specific mechanism was established in this run.
MCM6,Gut Microbiome & Intestinal Biology,,Adiposity-associated locus; an intestinal/dietary interpretation is unproven for this association.,Intestinal biology hypothesis; no microbiome causal claim.,Intestine (hypothesis),NR,GWAS mapped locus / indirect biology,Limited; candidate assignment unresolved,https://pubmed.ncbi.nlm.nih.gov/28285768/; https://pubmed.ncbi.nlm.nih.gov/40369625/; https://pubmed.ncbi.nlm.nih.gov/35069893/; https://pubmed.ncbi.nlm.nih.gov/30124842/,Hallmark is a hypothesis based on a mapped adiposity locus; no gene-specific mechanism was established in this run.
MCM6,Gut Microbiome & Intestinal Biology,Adipose Tissue Biology & Adiposity,Adiposity-associated locus; an intestinal/dietary interpretation is unproven for this association.,Intestinal biology hypothesis; no microbiome causal claim.,Intestine (hypothesis),NR,GWAS mapped locus / indirect biology,Limited; candidate assignment unresolved,https://pubmed.ncbi.nlm.nih.gov/28285768/; https://pubmed.ncbi.nlm.nih.gov/40369625/; https://pubmed.ncbi.nlm.nih.gov/35069893/; https://pubmed.ncbi.nlm.nih.gov/30124842/,Hallmark is a hypothesis based on a mapped adiposity locus; no gene-specific mechanism was established in this run.
SYT10,Energy Homeostasis & Neuroendocrine Regulation,,Synaptic-vesicle candidate at an adiposity locus; causal gene remains unresolved.,Neural signaling hypothesis.,Brain (hypothesis),Neurons (hypothesis),GWAS mapped locus / indirect biology,Limited; candidate assignment unresolved,https://pubmed.ncbi.nlm.nih.gov/30124842/,Hallmark is a hypothesis based on a mapped adiposity locus; no gene-specific mechanism was established in this run.
SYT10,Energy Homeostasis & Neuroendocrine Regulation,Genetic-Epigenetic-Developmental-Programming,Synaptic-vesicle candidate at an adiposity locus; causal gene remains unresolved.,Neural signaling hypothesis.,Brain (hypothesis),Neurons (hypothesis),GWAS mapped locus / indirect biology,Limited; candidate assignment unresolved,https://pubmed.ncbi.nlm.nih.gov/30124842/,Hallmark is a hypothesis based on a mapped adiposity locus; no gene-specific mechanism was established in this run.
COBLL1,Adipose Tissue Biology & Adiposity,,Body-fat/adiposity locus with a statistical mapped-gene assignment.,Adiposity distribution.,NR,NR,GWAS mapped locus / indirect biology,Limited; candidate assignment unresolved,https://pubmed.ncbi.nlm.nih.gov/26833246/; https://pubmed.ncbi.nlm.nih.gov/23754948/; https://pubmed.ncbi.nlm.nih.gov/37253881/; https://pubmed.ncbi.nlm.nih.gov/30124842/,Hallmark is a hypothesis based on a mapped adiposity locus; no gene-specific mechanism was established in this run.
COBLL1,Adipose Tissue Biology & Adiposity,Lipid Metabolism & Lipid Handling,Body-fat/adiposity locus with a statistical mapped-gene assignment.,Adiposity distribution.,NR,NR,GWAS mapped locus / indirect biology,Limited; candidate assignment unresolved,https://pubmed.ncbi.nlm.nih.gov/26833246/; https://pubmed.ncbi.nlm.nih.gov/23754948/; https://pubmed.ncbi.nlm.nih.gov/37253881/; https://pubmed.ncbi.nlm.nih.gov/30124842/,Hallmark is a hypothesis based on a mapped adiposity locus; no gene-specific mechanism was established in this run.
