Rank,Gene Symbol,Ensembl Gene ID,Classification,Primary Hallmark,Secondary Hallmarks,Overall Score,Association Score,Functional/Mechanistic Score,Omics Score,Literature Score,Causal/Translational Score,Novelty/Opportunity Score,Human Genetic Evidence,GWAS Evidence,Rare Variant Evidence,eQTL Evidence,pQTL Evidence,Transcriptomic Evidence,Single-cell Evidence,Functional Evidence,Causal Evidence,Tissue/Cell Context,Obesity Phenotype,Mechanistic Rationale,Target Rationale,Evidence Summary,Evidence Strength,Key PubMed References,GWAS References,Database Sources,Last Evidence Check,Confidence,Limitations
1,GPR75,ENSG00000119737,Established,Energy Homeostasis & Neuroendocrine Regulation,Glucose Homeostasis & Insulin Signaling; Adipose Tissue Biology & Adiposity,78,40,17,0,10,10,1,Rare coding/monogenic human evidence,"0 mapped records in the bounded sample; separate rs80328470 missense lookup found BMI, body-weight, and waist associations in one Korean study (PMID 40436827).",Gene-level rare coding burden reported in PMID 34210852; individual variants/effects not copied here.,Not assessed genome-wide; rs80328470-specific GTEx lookup returned no records (GPR75 only).,Not assessed; no compatible global pQTL dataset was queried.,Not assessed for the 50-gene panel; no compatible expression matrix supplied.,Not assessed for the 50-gene panel; mapper triage is not single-cell evidence.,Large human exome gene-burden study plus mouse knockout; rs80328470 is a separate missense variant.,Rare human gene-burden plus mouse knockout (PMID 34210852).,Multiple; source supports organism-level phenotype; NR,BMI; body weight; waist circumference (one rs80328470 study); gene-level rare-variant obesity burden,Protein-truncating variant burden is protective; knockout reduced weight gain in a mouse high-fat-diet model.,Human protective pLoF plus mouse knockout supports a target hypothesis; therapeutic efficacy and safety are unproven.,Rare coding gene-burden evidence; 0 Catalog rows across 0 distinct publications; gene assignment confidence is not equivalent to causality. Separate rs80328470 missense-trait associations are from one Korean study; not a pLoF result.,High: human rare coding plus experimental evidence,https://pubmed.ncbi.nlm.nih.gov/34210852/; https://pubmed.ncbi.nlm.nih.gov/38945795/; https://pubmed.ncbi.nlm.nih.gov/37247305/; https://pubmed.ncbi.nlm.nih.gov/36978267/; https://pubmed.ncbi.nlm.nih.gov/40436827/,https://www.ebi.ac.uk/gwas/rest/api/v2/studies/GCST90662887,https://www.ebi.ac.uk/gwas/; https://rest.ensembl.org; https://pubmed.ncbi.nlm.nih.gov/,2026-09-30,High,Bounded Catalog sample; mapped-locus annotation is not causality; omics unavailable; literature search is not systematic review.
2,MC4R,ENSG00000166603,Established,Energy Homeostasis & Neuroendocrine Regulation,Genetic-Epigenetic-Developmental-Programming,76,40,18,0,8,9,1,Rare coding/monogenic human evidence,2 bounded Catalog association rows; 2 distinct publication IDs; traits: body fat percentage; waist circumference,Rare/Mendelian human variants reported in obesity literature; exact variant-level curation outside this run.,Not assessed genome-wide; rs80328470-specific GTEx lookup returned no records (GPR75 only).,Not assessed; no compatible global pQTL dataset was queried.,Not assessed for the 50-gene panel; no compatible expression matrix supplied.,Not assessed for the 50-gene panel; mapper triage is not single-cell evidence.,Human Mendelian and rare-variant evidence; functional pathway literature.,Mendelian/rare-variant evidence; causality is strongest for classic monogenic genes.,Hypothalamus / central nervous system; Hypothalamic neurons,body fat percentage; waist circumference,Melanocortin receptor signaling in appetite and energy balance.,"Genetic/pathway rationale only; target modality, efficacy, and safety were not assessed.",GWAS Catalog mapped adiposity locus; Mendelian / rare-variant human evidence; 2 Catalog rows across 2 distinct publications; gene assignment confidence is not equivalent to causality.,High for monogenic human evidence,https://pubmed.ncbi.nlm.nih.gov/21295023/; https://pubmed.ncbi.nlm.nih.gov/41168175/; https://pubmed.ncbi.nlm.nih.gov/36815328/; https://pubmed.ncbi.nlm.nih.gov/30124842/,https://www.ebi.ac.uk/gwas/rest/api/v2/studies/GCST90468175; https://www.ebi.ac.uk/gwas/rest/api/v2/studies/GCST90566413,https://www.ebi.ac.uk/gwas/; https://rest.ensembl.org; https://pubmed.ncbi.nlm.nih.gov/,2026-09-30,High,Bounded Catalog sample; mapped-locus annotation is not causality; omics unavailable; literature search is not systematic review.
3,LEP,ENSG00000174697,Established,Energy Homeostasis & Neuroendocrine Regulation,Immunometabolic Inflammation,73,37,18,0,8,9,1,Rare coding/monogenic human evidence,0 bounded Catalog association rows; 0 distinct publication IDs; traits: none in bounded sample,Rare/Mendelian human variants reported in obesity literature; exact variant-level curation outside this run.,Not assessed genome-wide; rs80328470-specific GTEx lookup returned no records (GPR75 only).,Not assessed; no compatible global pQTL dataset was queried.,Not assessed for the 50-gene panel; no compatible expression matrix supplied.,Not assessed for the 50-gene panel; mapper triage is not single-cell evidence.,Mendelian human obesity and established hormone biology.,Mendelian/rare-variant evidence; causality is strongest for classic monogenic genes.,Adipose tissue / hypothalamus; Adipocytes; hypothalamic neurons,Obesity / severe obesity (human monogenic or rare-variant literature),Leptin signaling conveys adiposity status to neuroendocrine circuits.,"Genetic/pathway rationale only; target modality, efficacy, and safety were not assessed.",Mendelian / rare-variant human evidence; 0 Catalog rows across 0 distinct publications; gene assignment confidence is not equivalent to causality.,High for monogenic human evidence,https://pubmed.ncbi.nlm.nih.gov/9519759/; https://pubmed.ncbi.nlm.nih.gov/24525657/; https://pubmed.ncbi.nlm.nih.gov/28349664/,NR,https://www.ebi.ac.uk/gwas/; https://rest.ensembl.org; https://pubmed.ncbi.nlm.nih.gov/,2026-09-30,High,Bounded Catalog sample; mapped-locus annotation is not causality; omics unavailable; literature search is not systematic review.
4,LEPR,ENSG00000116678,Established,Energy Homeostasis & Neuroendocrine Regulation,Immunometabolic Inflammation,73,37,18,0,8,9,1,Rare coding/monogenic human evidence,0 bounded Catalog association rows; 0 distinct publication IDs; traits: none in bounded sample,Rare/Mendelian human variants reported in obesity literature; exact variant-level curation outside this run.,Not assessed genome-wide; rs80328470-specific GTEx lookup returned no records (GPR75 only).,Not assessed; no compatible global pQTL dataset was queried.,Not assessed for the 50-gene panel; no compatible expression matrix supplied.,Not assessed for the 50-gene panel; mapper triage is not single-cell evidence.,Mendelian human obesity and established receptor biology.,Mendelian/rare-variant evidence; causality is strongest for classic monogenic genes.,Hypothalamus; Hypothalamic neurons,Obesity / severe obesity (human monogenic or rare-variant literature),Leptin receptor signaling in central energy-balance circuits.,"Genetic/pathway rationale only; target modality, efficacy, and safety were not assessed.",Mendelian / rare-variant human evidence; 0 Catalog rows across 0 distinct publications; gene assignment confidence is not equivalent to causality.,High for monogenic human evidence,https://pubmed.ncbi.nlm.nih.gov/39549719/; https://pubmed.ncbi.nlm.nih.gov/29726959/; https://pubmed.ncbi.nlm.nih.gov/25250132/,NR,https://www.ebi.ac.uk/gwas/; https://rest.ensembl.org; https://pubmed.ncbi.nlm.nih.gov/,2026-09-30,High,Bounded Catalog sample; mapped-locus annotation is not causality; omics unavailable; literature search is not systematic review.
5,POMC,ENSG00000115138,Established,Energy Homeostasis & Neuroendocrine Regulation,,72,36,18,0,8,9,1,Rare coding/monogenic human evidence,0 bounded Catalog association rows; 0 distinct publication IDs; traits: none in bounded sample,Rare/Mendelian human variants reported in obesity literature; exact variant-level curation outside this run.,Not assessed genome-wide; rs80328470-specific GTEx lookup returned no records (GPR75 only).,Not assessed; no compatible global pQTL dataset was queried.,Not assessed for the 50-gene panel; no compatible expression matrix supplied.,Not assessed for the 50-gene panel; mapper triage is not single-cell evidence.,Mendelian human obesity and established neuroendocrine biology.,Mendelian/rare-variant evidence; causality is strongest for classic monogenic genes.,Hypothalamus / pituitary; POMC neurons,Obesity / severe obesity (human monogenic or rare-variant literature),Pro-opiomelanocortin processing supplies melanocortin satiety signals.,"Genetic/pathway rationale only; target modality, efficacy, and safety were not assessed.",Mendelian / rare-variant human evidence; 0 Catalog rows across 0 distinct publications; gene assignment confidence is not equivalent to causality.,High for monogenic human evidence,https://pubmed.ncbi.nlm.nih.gov/34207686/; https://pubmed.ncbi.nlm.nih.gov/34329773/; https://pubmed.ncbi.nlm.nih.gov/34177811/,NR,https://www.ebi.ac.uk/gwas/; https://rest.ensembl.org; https://pubmed.ncbi.nlm.nih.gov/,2026-09-30,High,Bounded Catalog sample; mapped-locus annotation is not causality; omics unavailable; literature search is not systematic review.
6,PPARG,ENSG00000132170,Established,Adipose Tissue Biology & Adiposity,Lipid Metabolism & Lipid Handling; Glucose Homeostasis & Insulin Signaling; Immunometabolic Inflammation,68,34,18,0,8,7,1,Common-variant GWAS; candidate-gene assignment remains statistical,4 bounded Catalog association rows; 3 distinct publication IDs; traits: body fat percentage; body mass index; waist circumference,NR,Not assessed genome-wide; rs80328470-specific GTEx lookup returned no records (GPR75 only).,Not assessed; no compatible global pQTL dataset was queried.,Not assessed for the 50-gene panel; no compatible expression matrix supplied.,Not assessed for the 50-gene panel; mapper triage is not single-cell evidence.,Strong functional and human metabolic evidence.,Common-variant locus association only; no causal-gene claim made.,Adipose tissue; Adipocytes,body fat percentage; body mass index; waist circumference,Nuclear-receptor transcriptional control of adipocyte differentiation and lipid handling.,GWAS candidate-target hypothesis; causal gene and intervention effect are unvalidated.,GWAS Catalog mapped adiposity locus; 4 Catalog rows across 3 distinct publications; gene assignment confidence is not equivalent to causality.,Moderate at locus level; low-to-moderate for gene causality,https://pubmed.ncbi.nlm.nih.gov/41898705/; https://pubmed.ncbi.nlm.nih.gov/42471109/; https://pubmed.ncbi.nlm.nih.gov/37987083/; https://pubmed.ncbi.nlm.nih.gov/30124842/,https://www.ebi.ac.uk/gwas/rest/api/v2/studies/GCST90468175; https://www.ebi.ac.uk/gwas/rest/api/v2/studies/GCST90479522; https://www.ebi.ac.uk/gwas/rest/api/v2/studies/GCST90479523; https://www.ebi.ac.uk/gwas/rest/api/v2/studies/GCST90841373,https://www.ebi.ac.uk/gwas/; https://rest.ensembl.org; https://pubmed.ncbi.nlm.nih.gov/,2026-09-30,Moderate for locus; low for gene assignment,Bounded Catalog sample; mapped-locus annotation is not causality; omics unavailable; literature search is not systematic review.
7,FTO,ENSG00000140718,Established,Genetic-Epigenetic-Developmental-Programming,Adipose Tissue Biology & Adiposity,67,38,15,0,8,5,1,Common-variant GWAS; candidate-gene assignment remains statistical,6 bounded Catalog association rows; 2 distinct publication IDs; traits: body fat percentage; body mass index; body weight,NR,Not assessed genome-wide; rs80328470-specific GTEx lookup returned no records (GPR75 only).,Not assessed; no compatible global pQTL dataset was queried.,Not assessed for the 50-gene panel; no compatible expression matrix supplied.,Not assessed for the 50-gene panel; mapper triage is not single-cell evidence.,Replicated common-variant GWAS locus; do not equate locus with proven causal gene.,Common-variant locus association only; no causal-gene claim made.,NR; NR,body fat percentage; body mass index; body weight,Common intronic BMI locus; effector gene and tissue remain variant/context dependent.,GWAS candidate-target hypothesis; causal gene and intervention effect are unvalidated.,GWAS Catalog mapped adiposity locus; 6 Catalog rows across 2 distinct publications; gene assignment confidence is not equivalent to causality.,Moderate at locus level; low-to-moderate for gene causality,https://pubmed.ncbi.nlm.nih.gov/24516669/; https://pubmed.ncbi.nlm.nih.gov/24663221/; https://pubmed.ncbi.nlm.nih.gov/42450214/; https://pubmed.ncbi.nlm.nih.gov/30124842/,https://www.ebi.ac.uk/gwas/rest/api/v2/studies/GCST90476467; https://www.ebi.ac.uk/gwas/rest/api/v2/studies/GCST90476468; https://www.ebi.ac.uk/gwas/rest/api/v2/studies/GCST90479521; https://www.ebi.ac.uk/gwas/rest/api/v2/studies/GCST90479522; https://www.ebi.ac.uk/gwas/rest/api/v2/studies/GCST90479523; https://www.ebi.ac.uk/gwas/rest/api/v2/studies/GCST90841375,https://www.ebi.ac.uk/gwas/; https://rest.ensembl.org; https://pubmed.ncbi.nlm.nih.gov/,2026-09-30,Moderate for locus; low for gene assignment,Bounded Catalog sample; mapped-locus annotation is not causality; omics unavailable; literature search is not systematic review.
8,SH2B1,ENSG00000178188,Established,Energy Homeostasis & Neuroendocrine Regulation,Genetic-Epigenetic-Developmental-Programming,67,35,15,0,8,8,1,Rare coding/monogenic human evidence,4 bounded Catalog association rows; 1 distinct publication IDs; traits: body mass index; body weight,Rare/Mendelian human variants reported in obesity literature; exact variant-level curation outside this run.,Not assessed genome-wide; rs80328470-specific GTEx lookup returned no records (GPR75 only).,Not assessed; no compatible global pQTL dataset was queried.,Not assessed for the 50-gene panel; no compatible expression matrix supplied.,Not assessed for the 50-gene panel; mapper triage is not single-cell evidence.,Human genetic evidence; exact obesity effect may involve multiple nearby genes.,Mendelian/rare-variant evidence; causality is strongest for classic monogenic genes.,Hypothalamus / peripheral metabolic tissues; NR,body mass index; body weight,Adaptor signaling in leptin/insulin-related pathways; human deletion/variant evidence.,"Genetic/pathway rationale only; target modality, efficacy, and safety were not assessed.",GWAS Catalog mapped adiposity locus; Mendelian / rare-variant human evidence; 4 Catalog rows across 1 distinct publications; gene assignment confidence is not equivalent to causality.,High for monogenic human evidence,https://pubmed.ncbi.nlm.nih.gov/33060593/; https://pubmed.ncbi.nlm.nih.gov/42724349/; https://pubmed.ncbi.nlm.nih.gov/42405204/,https://www.ebi.ac.uk/gwas/rest/api/v2/studies/GCST90476466; https://www.ebi.ac.uk/gwas/rest/api/v2/studies/GCST90479521; https://www.ebi.ac.uk/gwas/rest/api/v2/studies/GCST90479522; https://www.ebi.ac.uk/gwas/rest/api/v2/studies/GCST90479523,https://www.ebi.ac.uk/gwas/; https://rest.ensembl.org; https://pubmed.ncbi.nlm.nih.gov/,2026-09-30,Moderate,Bounded Catalog sample; mapped-locus annotation is not causality; omics unavailable; literature search is not systematic review.
9,PCSK1,ENSG00000175426,Established,Energy Homeostasis & Neuroendocrine Regulation,Gut Microbiome & Intestinal Biology,66,34,15,0,8,8,1,Rare coding/monogenic human evidence,0 bounded Catalog association rows; 0 distinct publication IDs; traits: none in bounded sample,Rare/Mendelian human variants reported in obesity literature; exact variant-level curation outside this run.,Not assessed genome-wide; rs80328470-specific GTEx lookup returned no records (GPR75 only).,Not assessed; no compatible global pQTL dataset was queried.,Not assessed for the 50-gene panel; no compatible expression matrix supplied.,Not assessed for the 50-gene panel; mapper triage is not single-cell evidence.,Mendelian human obesity; tissue-specific mechanisms require separation.,Mendelian/rare-variant evidence; causality is strongest for classic monogenic genes.,Neuroendocrine tissues / intestine; Endocrine cells and neurons,Obesity / severe obesity (human monogenic or rare-variant literature),Prohormone processing affects appetite and enteroendocrine signaling.,"Genetic/pathway rationale only; target modality, efficacy, and safety were not assessed.",Mendelian / rare-variant human evidence; 0 Catalog rows across 0 distinct publications; gene assignment confidence is not equivalent to causality.,High for monogenic human evidence,https://pubmed.ncbi.nlm.nih.gov/39526054/; https://pubmed.ncbi.nlm.nih.gov/36722447/; https://pubmed.ncbi.nlm.nih.gov/40836563/,NR,https://www.ebi.ac.uk/gwas/; https://rest.ensembl.org; https://pubmed.ncbi.nlm.nih.gov/,2026-09-30,High,Bounded Catalog sample; mapped-locus annotation is not causality; omics unavailable; literature search is not systematic review.
10,ADCY3,ENSG00000138031,Established,Energy Homeostasis & Neuroendocrine Regulation,Mitochondrial & Cellular Energy Metabolism,65,34,14,0,8,8,1,Rare coding/monogenic human evidence,2 bounded Catalog association rows; 1 distinct publication IDs; traits: body mass index,Rare/Mendelian human variants reported in obesity literature; exact variant-level curation outside this run.,Not assessed genome-wide; rs80328470-specific GTEx lookup returned no records (GPR75 only).,Not assessed; no compatible global pQTL dataset was queried.,Not assessed for the 50-gene panel; no compatible expression matrix supplied.,Not assessed for the 50-gene panel; mapper triage is not single-cell evidence.,Human rare-variant evidence and mechanistic pathway support.,Mendelian/rare-variant evidence; causality is strongest for classic monogenic genes.,Hypothalamus; Neurons,body mass index,cAMP generation contributes to neuronal energy-balance signaling.,"Genetic/pathway rationale only; target modality, efficacy, and safety were not assessed.",GWAS Catalog mapped adiposity locus; Mendelian / rare-variant human evidence; 2 Catalog rows across 1 distinct publications; gene assignment confidence is not equivalent to causality.,High for monogenic human evidence,https://pubmed.ncbi.nlm.nih.gov/34207686/; https://pubmed.ncbi.nlm.nih.gov/33459256/; https://pubmed.ncbi.nlm.nih.gov/29311636/,https://www.ebi.ac.uk/gwas/rest/api/v2/studies/GCST90479522; https://www.ebi.ac.uk/gwas/rest/api/v2/studies/GCST90479523,https://www.ebi.ac.uk/gwas/; https://rest.ensembl.org; https://pubmed.ncbi.nlm.nih.gov/,2026-09-30,Moderate,Bounded Catalog sample; mapped-locus annotation is not causality; omics unavailable; literature search is not systematic review.
11,GIPR,ENSG00000010310,Established,Glucose Homeostasis & Insulin Signaling,Gut Microbiome & Intestinal Biology,64,34,15,0,8,6,1,Common-variant GWAS; candidate-gene assignment remains statistical,5 bounded Catalog association rows; 2 distinct publication IDs; traits: body mass index; body weight; waist circumference,NR,Not assessed genome-wide; rs80328470-specific GTEx lookup returned no records (GPR75 only).,Not assessed; no compatible global pQTL dataset was queried.,Not assessed for the 50-gene panel; no compatible expression matrix supplied.,Not assessed for the 50-gene panel; mapper triage is not single-cell evidence.,Human common and coding-variant evidence; mapped GWAS loci are not all causal.,Common-variant locus association only; no causal-gene claim made.,Pancreas / intestine / adipose tissue; Endocrine cells,body mass index; body weight; waist circumference,Incretin receptor signaling; Catalog also maps adiposity-associated loci to this gene.,GWAS candidate-target hypothesis; causal gene and intervention effect are unvalidated.,GWAS Catalog mapped adiposity locus; 5 Catalog rows across 2 distinct publications; gene assignment confidence is not equivalent to causality.,Moderate at locus level; low-to-moderate for gene causality,https://pubmed.ncbi.nlm.nih.gov/36820516/; https://pubmed.ncbi.nlm.nih.gov/38367045/; https://pubmed.ncbi.nlm.nih.gov/40555693/; https://pubmed.ncbi.nlm.nih.gov/30124842/,https://www.ebi.ac.uk/gwas/rest/api/v2/studies/GCST90476466; https://www.ebi.ac.uk/gwas/rest/api/v2/studies/GCST90479521; https://www.ebi.ac.uk/gwas/rest/api/v2/studies/GCST90479522; https://www.ebi.ac.uk/gwas/rest/api/v2/studies/GCST90479523; https://www.ebi.ac.uk/gwas/rest/api/v2/studies/GCST90841373,https://www.ebi.ac.uk/gwas/; https://rest.ensembl.org; https://pubmed.ncbi.nlm.nih.gov/,2026-09-30,Moderate for locus; low for gene assignment,Bounded Catalog sample; mapped-locus annotation is not causality; omics unavailable; literature search is not systematic review.
12,BDNF,ENSG00000176697,Established,Energy Homeostasis & Neuroendocrine Regulation,Genetic-Epigenetic-Developmental-Programming,64,32,15,0,8,8,1,Rare coding/monogenic human evidence,3 bounded Catalog association rows; 1 distinct publication IDs; traits: body mass index,Rare/Mendelian human variants reported in obesity literature; exact variant-level curation outside this run.,Not assessed genome-wide; rs80328470-specific GTEx lookup returned no records (GPR75 only).,Not assessed; no compatible global pQTL dataset was queried.,Not assessed for the 50-gene panel; no compatible expression matrix supplied.,Not assessed for the 50-gene panel; mapper triage is not single-cell evidence.,Human syndromic/rare-variant and functional evidence.,Mendelian/rare-variant evidence; causality is strongest for classic monogenic genes.,Brain; Neurons,body mass index,Neurotrophin signaling supports appetite circuitry and development.,"Genetic/pathway rationale only; target modality, efficacy, and safety were not assessed.",GWAS Catalog mapped adiposity locus; Mendelian / rare-variant human evidence; 3 Catalog rows across 1 distinct publications; gene assignment confidence is not equivalent to causality.,High for monogenic human evidence,https://pubmed.ncbi.nlm.nih.gov/42744874/; https://pubmed.ncbi.nlm.nih.gov/18667348/; https://pubmed.ncbi.nlm.nih.gov/35166024/,https://www.ebi.ac.uk/gwas/rest/api/v2/studies/GCST90479521; https://www.ebi.ac.uk/gwas/rest/api/v2/studies/GCST90479522; https://www.ebi.ac.uk/gwas/rest/api/v2/studies/GCST90479523,https://www.ebi.ac.uk/gwas/; https://rest.ensembl.org; https://pubmed.ncbi.nlm.nih.gov/,2026-09-30,Moderate,Bounded Catalog sample; mapped-locus annotation is not causality; omics unavailable; literature search is not systematic review.
13,SIM1,ENSG00000112246,Established,Energy Homeostasis & Neuroendocrine Regulation,Genetic-Epigenetic-Developmental-Programming,64,32,15,0,8,8,1,Rare coding/monogenic human evidence,1 bounded Catalog association rows; 1 distinct publication IDs; traits: body mass index,Rare/Mendelian human variants reported in obesity literature; exact variant-level curation outside this run.,Not assessed genome-wide; rs80328470-specific GTEx lookup returned no records (GPR75 only).,Not assessed; no compatible global pQTL dataset was queried.,Not assessed for the 50-gene panel; no compatible expression matrix supplied.,Not assessed for the 50-gene panel; mapper triage is not single-cell evidence.,Human monogenic obesity and functional neurodevelopment evidence.,Mendelian/rare-variant evidence; causality is strongest for classic monogenic genes.,Hypothalamus; Hypothalamic neurons,body mass index,Hypothalamic development and energy-balance circuitry.,"Genetic/pathway rationale only; target modality, efficacy, and safety were not assessed.",GWAS Catalog mapped adiposity locus; Mendelian / rare-variant human evidence; 1 Catalog rows across 1 distinct publications; gene assignment confidence is not equivalent to causality.,High for monogenic human evidence,https://pubmed.ncbi.nlm.nih.gov/42736455/; https://pubmed.ncbi.nlm.nih.gov/34214899/; https://pubmed.ncbi.nlm.nih.gov/22768843/,https://www.ebi.ac.uk/gwas/rest/api/v2/studies/GCST90479522,https://www.ebi.ac.uk/gwas/; https://rest.ensembl.org; https://pubmed.ncbi.nlm.nih.gov/,2026-09-30,Moderate,Bounded Catalog sample; mapped-locus annotation is not causality; omics unavailable; literature search is not systematic review.
14,TCF7L2,ENSG00000148737,Established,Glucose Homeostasis & Insulin Signaling,Adipose Tissue Biology & Adiposity,62,33,15,0,8,5,1,Common-variant GWAS; candidate-gene assignment remains statistical,6 bounded Catalog association rows; 3 distinct publication IDs; traits: body fat percentage; body mass index; body weight; waist circumference,NR,Not assessed genome-wide; rs80328470-specific GTEx lookup returned no records (GPR75 only).,Not assessed; no compatible global pQTL dataset was queried.,Not assessed for the 50-gene panel; no compatible expression matrix supplied.,Not assessed for the 50-gene panel; mapper triage is not single-cell evidence.,Replicated human metabolic genetics; Catalog mapped adiposity associations.,Common-variant locus association only; no causal-gene claim made.,Pancreas / adipose tissue; Endocrine cells,body fat percentage; body mass index; body weight; waist circumference,Wnt/transcriptional locus with strong metabolic and adiposity-trait associations.,GWAS candidate-target hypothesis; causal gene and intervention effect are unvalidated.,GWAS Catalog mapped adiposity locus; 6 Catalog rows across 3 distinct publications; gene assignment confidence is not equivalent to causality.,Moderate at locus level; low-to-moderate for gene causality,https://pubmed.ncbi.nlm.nih.gov/27344314/; https://pubmed.ncbi.nlm.nih.gov/24267432/; https://pubmed.ncbi.nlm.nih.gov/42677197/; https://pubmed.ncbi.nlm.nih.gov/30124842/,https://www.ebi.ac.uk/gwas/rest/api/v2/studies/GCST90468175; https://www.ebi.ac.uk/gwas/rest/api/v2/studies/GCST90476466; https://www.ebi.ac.uk/gwas/rest/api/v2/studies/GCST90479521; https://www.ebi.ac.uk/gwas/rest/api/v2/studies/GCST90479522; https://www.ebi.ac.uk/gwas/rest/api/v2/studies/GCST90479523; https://www.ebi.ac.uk/gwas/rest/api/v2/studies/GCST90841373,https://www.ebi.ac.uk/gwas/; https://rest.ensembl.org; https://pubmed.ncbi.nlm.nih.gov/,2026-09-30,Moderate for locus; low for gene assignment,Bounded Catalog sample; mapped-locus annotation is not causality; omics unavailable; literature search is not systematic review.
15,KSR2,ENSG00000171435,Established,Mitochondrial & Cellular Energy Metabolism,Energy Homeostasis & Neuroendocrine Regulation,56,27,13,0,8,7,1,Rare coding/monogenic human evidence,0 bounded Catalog association rows; 0 distinct publication IDs; traits: none in bounded sample,Rare/Mendelian human variants reported in obesity literature; exact variant-level curation outside this run.,Not assessed genome-wide; rs80328470-specific GTEx lookup returned no records (GPR75 only).,Not assessed; no compatible global pQTL dataset was queried.,Not assessed for the 50-gene panel; no compatible expression matrix supplied.,Not assessed for the 50-gene panel; mapper triage is not single-cell evidence.,Rare human variants with functional metabolic follow-up.,Mendelian/rare-variant evidence; causality is strongest for classic monogenic genes.,Multiple metabolic tissues; NR,Obesity / severe obesity (human monogenic or rare-variant literature),Signaling scaffold implicated in cellular energy metabolism and insulin action.,"Genetic/pathway rationale only; target modality, efficacy, and safety were not assessed.",Mendelian / rare-variant human evidence; 0 Catalog rows across 0 distinct publications; gene assignment confidence is not equivalent to causality.,High for monogenic human evidence,https://pubmed.ncbi.nlm.nih.gov/24736852/; https://pubmed.ncbi.nlm.nih.gov/41751424/; https://pubmed.ncbi.nlm.nih.gov/40062973/,NR,https://www.ebi.ac.uk/gwas/; https://rest.ensembl.org; https://pubmed.ncbi.nlm.nih.gov/,2026-09-30,Moderate,Bounded Catalog sample; mapped-locus annotation is not causality; omics unavailable; literature search is not systematic review.
16,MC3R,ENSG00000124089,Established,Energy Homeostasis & Neuroendocrine Regulation,Adipose Tissue Biology & Adiposity,55,27,12,0,8,7,1,Rare coding/monogenic human evidence,0 bounded Catalog association rows; 0 distinct publication IDs; traits: none in bounded sample,Rare/Mendelian human variants reported in obesity literature; exact variant-level curation outside this run.,Not assessed genome-wide; rs80328470-specific GTEx lookup returned no records (GPR75 only).,Not assessed; no compatible global pQTL dataset was queried.,Not assessed for the 50-gene panel; no compatible expression matrix supplied.,Not assessed for the 50-gene panel; mapper triage is not single-cell evidence.,Human and experimental evidence; less penetrant than classic MC4R obesity.,Mendelian/rare-variant evidence; causality is strongest for classic monogenic genes.,Central nervous system; Neurons,Obesity / severe obesity (human monogenic or rare-variant literature),Melanocortin receptor signaling with effects on energy partitioning.,"Genetic/pathway rationale only; target modality, efficacy, and safety were not assessed.",Mendelian / rare-variant human evidence; 0 Catalog rows across 0 distinct publications; gene assignment confidence is not equivalent to causality.,High for monogenic human evidence,https://pubmed.ncbi.nlm.nih.gov/41002740/; https://pubmed.ncbi.nlm.nih.gov/33795520/; https://pubmed.ncbi.nlm.nih.gov/9311920/,NR,https://www.ebi.ac.uk/gwas/; https://rest.ensembl.org; https://pubmed.ncbi.nlm.nih.gov/,2026-09-30,Moderate,Bounded Catalog sample; mapped-locus annotation is not causality; omics unavailable; literature search is not systematic review.
17,MRAP2,ENSG00000135324,Established,Energy Homeostasis & Neuroendocrine Regulation,Genetic-Epigenetic-Developmental-Programming,55,27,12,0,8,7,1,Rare coding/monogenic human evidence,0 bounded Catalog association rows; 0 distinct publication IDs; traits: none in bounded sample,Rare/Mendelian human variants reported in obesity literature; exact variant-level curation outside this run.,Not assessed genome-wide; rs80328470-specific GTEx lookup returned no records (GPR75 only).,Not assessed; no compatible global pQTL dataset was queried.,Not assessed for the 50-gene panel; no compatible expression matrix supplied.,Not assessed for the 50-gene panel; mapper triage is not single-cell evidence.,Rare human and experimental obesity evidence.,Mendelian/rare-variant evidence; causality is strongest for classic monogenic genes.,Hypothalamus; Neurons,Obesity / severe obesity (human monogenic or rare-variant literature),Melanocortin-receptor accessory protein in appetite regulation.,"Genetic/pathway rationale only; target modality, efficacy, and safety were not assessed.",Mendelian / rare-variant human evidence; 0 Catalog rows across 0 distinct publications; gene assignment confidence is not equivalent to causality.,High for monogenic human evidence,https://pubmed.ncbi.nlm.nih.gov/24011068/; https://pubmed.ncbi.nlm.nih.gov/41935248/; https://pubmed.ncbi.nlm.nih.gov/41596694/,NR,https://www.ebi.ac.uk/gwas/; https://rest.ensembl.org; https://pubmed.ncbi.nlm.nih.gov/,2026-09-30,Moderate,Bounded Catalog sample; mapped-locus annotation is not causality; omics unavailable; literature search is not systematic review.
18,TMEM18,ENSG00000151353,Established,Energy Homeostasis & Neuroendocrine Regulation,Genetic-Epigenetic-Developmental-Programming,53,31,9,0,8,4,1,Common-variant GWAS; candidate-gene assignment remains statistical,4 bounded Catalog association rows; 3 distinct publication IDs; traits: body mass index; waist circumference,NR,Not assessed genome-wide; rs80328470-specific GTEx lookup returned no records (GPR75 only).,Not assessed; no compatible global pQTL dataset was queried.,Not assessed for the 50-gene panel; no compatible expression matrix supplied.,Not assessed for the 50-gene panel; mapper triage is not single-cell evidence.,Common-variant GWAS locus; gene-level mechanism uncertain.,Common-variant locus association only; no causal-gene claim made.,NR; NR,body mass index; waist circumference,Replicated BMI locus near a transcriptional regulator; retrieved data do not resolve the causal gene.,GWAS candidate-target hypothesis; causal gene and intervention effect are unvalidated.,GWAS Catalog mapped adiposity locus; 4 Catalog rows across 3 distinct publications; gene assignment confidence is not equivalent to causality.,Moderate at locus level; low-to-moderate for gene causality,https://pubmed.ncbi.nlm.nih.gov/25189249/; https://pubmed.ncbi.nlm.nih.gov/40475165/; https://pubmed.ncbi.nlm.nih.gov/39609904/; https://pubmed.ncbi.nlm.nih.gov/30124842/,https://www.ebi.ac.uk/gwas/rest/api/v2/studies/GCST90479522; https://www.ebi.ac.uk/gwas/rest/api/v2/studies/GCST90479523; https://www.ebi.ac.uk/gwas/rest/api/v2/studies/GCST90566413; https://www.ebi.ac.uk/gwas/rest/api/v2/studies/GCST90841373,https://www.ebi.ac.uk/gwas/; https://rest.ensembl.org; https://pubmed.ncbi.nlm.nih.gov/,2026-09-30,Moderate for locus; low for gene assignment,Bounded Catalog sample; mapped-locus annotation is not causality; omics unavailable; literature search is not systematic review.
19,SLC39A8,ENSG00000138821,Emerging,Lipid Metabolism & Lipid Handling,Glucose Homeostasis & Insulin Signaling; Skeletal Muscle Biology,53,31,10,0,5,5,2,Common-variant GWAS; candidate-gene assignment remains statistical,3 bounded Catalog association rows; 1 distinct publication IDs; traits: body mass index; body weight,NR,Not assessed genome-wide; rs80328470-specific GTEx lookup returned no records (GPR75 only).,Not assessed; no compatible global pQTL dataset was queried.,Not assessed for the 50-gene panel; no compatible expression matrix supplied.,Not assessed for the 50-gene panel; mapper triage is not single-cell evidence.,Human genetic evidence across traits; obesity-specific direction is not inferred.,Common-variant locus association only; no causal-gene claim made.,Multiple tissues; NR,body mass index; body weight,Metal-ion transport candidate at adiposity and metabolic-trait loci.,GWAS candidate-target hypothesis; causal gene and intervention effect are unvalidated.,GWAS Catalog mapped adiposity locus; 3 Catalog rows across 1 distinct publications; gene assignment confidence is not equivalent to causality.,Moderate at locus level; low-to-moderate for gene causality,https://pubmed.ncbi.nlm.nih.gov/40221434/; https://pubmed.ncbi.nlm.nih.gov/35784893/; https://pubmed.ncbi.nlm.nih.gov/28557351/; https://pubmed.ncbi.nlm.nih.gov/30124842/,https://www.ebi.ac.uk/gwas/rest/api/v2/studies/GCST90476466; https://www.ebi.ac.uk/gwas/rest/api/v2/studies/GCST90479522; https://www.ebi.ac.uk/gwas/rest/api/v2/studies/GCST90479523,https://www.ebi.ac.uk/gwas/; https://rest.ensembl.org; https://pubmed.ncbi.nlm.nih.gov/,2026-09-30,Moderate for locus; low for gene assignment,Bounded Catalog sample; mapped-locus annotation is not causality; omics unavailable; literature search is not systematic review.
20,PDE3B,ENSG00000152270,Emerging,Glucose Homeostasis & Insulin Signaling,Adipose Tissue Biology & Adiposity,53,29,10,0,5,7,2,Rare coding/monogenic human evidence,0 bounded Catalog association rows; 0 distinct publication IDs; traits: none in bounded sample,Gene-level rare coding burden reported in PMID 34210852; individual variants/effects not copied here.,Not assessed genome-wide; rs80328470-specific GTEx lookup returned no records (GPR75 only).,Not assessed; no compatible global pQTL dataset was queried.,Not assessed for the 50-gene panel; no compatible expression matrix supplied.,Not assessed for the 50-gene panel; mapper triage is not single-cell evidence.,Rare coding association with biologically plausible metabolic pathway.,Rare variant-burden signal; requires independent replication and functional follow-up.,Adipose / metabolic tissues; NR,Obesity / severe obesity (human monogenic or rare-variant literature),cAMP phosphodiesterase and lipid-metabolic signaling candidate.,"Genetic/pathway rationale only; target modality, efficacy, and safety were not assessed.",Rare coding gene-burden evidence; 0 Catalog rows across 0 distinct publications; gene assignment confidence is not equivalent to causality.,"Moderate: human rare-burden signal, limited mechanism",https://pubmed.ncbi.nlm.nih.gov/34210852/; https://pubmed.ncbi.nlm.nih.gov/21330134/; https://pubmed.ncbi.nlm.nih.gov/34875679/; https://pubmed.ncbi.nlm.nih.gov/29691411/,NR,https://www.ebi.ac.uk/gwas/; https://rest.ensembl.org; https://pubmed.ncbi.nlm.nih.gov/,2026-09-30,Moderate,Bounded Catalog sample; mapped-locus annotation is not causality; omics unavailable; literature search is not systematic review.
21,HMGA2,ENSG00000149948,Emerging,Genetic-Epigenetic-Developmental-Programming,Adipose Tissue Biology & Adiposity,52,31,10,0,5,4,2,Common-variant GWAS; candidate-gene assignment remains statistical,3 bounded Catalog association rows; 1 distinct publication IDs; traits: body mass index; body weight,NR,Not assessed genome-wide; rs80328470-specific GTEx lookup returned no records (GPR75 only).,Not assessed; no compatible global pQTL dataset was queried.,Not assessed for the 50-gene panel; no compatible expression matrix supplied.,Not assessed for the 50-gene panel; mapper triage is not single-cell evidence.,Strong body-size GWAS signal; obesity-specific mechanism is unresolved.,Common-variant locus association only; no causal-gene claim made.,Developmental tissues; NR,body mass index; body weight,Chromatin-associated developmental regulator at a BMI locus.,GWAS candidate-target hypothesis; causal gene and intervention effect are unvalidated.,GWAS Catalog mapped adiposity locus; 3 Catalog rows across 1 distinct publications; gene assignment confidence is not equivalent to causality.,Moderate at locus level; low-to-moderate for gene causality,https://pubmed.ncbi.nlm.nih.gov/33550286/; https://pubmed.ncbi.nlm.nih.gov/33139812/; https://pubmed.ncbi.nlm.nih.gov/21267535/; https://pubmed.ncbi.nlm.nih.gov/30124842/,https://www.ebi.ac.uk/gwas/rest/api/v2/studies/GCST90476466; https://www.ebi.ac.uk/gwas/rest/api/v2/studies/GCST90479522; https://www.ebi.ac.uk/gwas/rest/api/v2/studies/GCST90479523,https://www.ebi.ac.uk/gwas/; https://rest.ensembl.org; https://pubmed.ncbi.nlm.nih.gov/,2026-09-30,Moderate for locus; low for gene assignment,Bounded Catalog sample; mapped-locus annotation is not causality; omics unavailable; literature search is not systematic review.
22,CALCR,ENSG00000004948,Emerging,Energy Homeostasis & Neuroendocrine Regulation,Mitochondrial & Cellular Energy Metabolism,52,30,8,0,5,7,2,Rare coding/monogenic human evidence,1 bounded Catalog association rows; 1 distinct publication IDs; traits: body mass index,Gene-level rare coding burden reported in PMID 34210852; individual variants/effects not copied here.,Not assessed genome-wide; rs80328470-specific GTEx lookup returned no records (GPR75 only).,Not assessed; no compatible global pQTL dataset was queried.,Not assessed for the 50-gene panel; no compatible expression matrix supplied.,Not assessed for the 50-gene panel; mapper triage is not single-cell evidence.,Exome-wide rare coding association; no gene-specific experimental follow-up was scored here.,Rare variant-burden signal; requires independent replication and functional follow-up.,NR; NR,body mass index,Calcitonin receptor signaling candidate supported by rare coding burden evidence.,"Genetic/pathway rationale only; target modality, efficacy, and safety were not assessed.",GWAS Catalog mapped adiposity locus; Rare coding gene-burden evidence; 1 Catalog rows across 1 distinct publications; gene assignment confidence is not equivalent to causality.,"Moderate: human rare-burden signal, limited mechanism",https://pubmed.ncbi.nlm.nih.gov/34210852/; https://pubmed.ncbi.nlm.nih.gov/42744908/; https://pubmed.ncbi.nlm.nih.gov/29522093/; https://pubmed.ncbi.nlm.nih.gov/42260119/,https://www.ebi.ac.uk/gwas/rest/api/v2/studies/GCST90479522,https://www.ebi.ac.uk/gwas/; https://rest.ensembl.org; https://pubmed.ncbi.nlm.nih.gov/,2026-09-30,Moderate,Bounded Catalog sample; mapped-locus annotation is not causality; omics unavailable; literature search is not systematic review.
23,TFAP2B,ENSG00000008196,Established,Adipose Tissue Biology & Adiposity,Genetic-Epigenetic-Developmental-Programming,52,29,10,0,8,4,1,Common-variant GWAS; candidate-gene assignment remains statistical,5 bounded Catalog association rows; 3 distinct publication IDs; traits: body fat percentage; body mass index; body weight; waist circumference,NR,Not assessed genome-wide; rs80328470-specific GTEx lookup returned no records (GPR75 only).,Not assessed; no compatible global pQTL dataset was queried.,Not assessed for the 50-gene panel; no compatible expression matrix supplied.,Not assessed for the 50-gene panel; mapper triage is not single-cell evidence.,Common-variant GWAS; gene assignment and mechanism are not resolved by Catalog mapping.,Common-variant locus association only; no causal-gene claim made.,Adipose / developmental tissues; Adipocytes,body fat percentage; body mass index; body weight; waist circumference,Transcription-factor candidate at a body-fat/BMI locus.,GWAS candidate-target hypothesis; causal gene and intervention effect are unvalidated.,GWAS Catalog mapped adiposity locus; 5 Catalog rows across 3 distinct publications; gene assignment confidence is not equivalent to causality.,Moderate at locus level; low-to-moderate for gene causality,https://pubmed.ncbi.nlm.nih.gov/38754426/; https://pubmed.ncbi.nlm.nih.gov/34621242/; https://pubmed.ncbi.nlm.nih.gov/32109558/; https://pubmed.ncbi.nlm.nih.gov/30124842/,https://www.ebi.ac.uk/gwas/rest/api/v2/studies/GCST90468175; https://www.ebi.ac.uk/gwas/rest/api/v2/studies/GCST90476466; https://www.ebi.ac.uk/gwas/rest/api/v2/studies/GCST90479522; https://www.ebi.ac.uk/gwas/rest/api/v2/studies/GCST90479523; https://www.ebi.ac.uk/gwas/rest/api/v2/studies/GCST90841373,https://www.ebi.ac.uk/gwas/; https://rest.ensembl.org; https://pubmed.ncbi.nlm.nih.gov/,2026-09-30,Moderate for locus; low for gene assignment,Bounded Catalog sample; mapped-locus annotation is not causality; omics unavailable; literature search is not systematic review.
24,SEC16B,ENSG00000120341,Established,Adipose Tissue Biology & Adiposity,Energy Homeostasis & Neuroendocrine Regulation,51,30,8,0,8,4,1,Common-variant GWAS; candidate-gene assignment remains statistical,6 bounded Catalog association rows; 3 distinct publication IDs; traits: body mass index; body weight; waist circumference,NR,Not assessed genome-wide; rs80328470-specific GTEx lookup returned no records (GPR75 only).,Not assessed; no compatible global pQTL dataset was queried.,Not assessed for the 50-gene panel; no compatible expression matrix supplied.,Not assessed for the 50-gene panel; mapper triage is not single-cell evidence.,Common-variant GWAS locus; candidate assignment remains statistical.,Common-variant locus association only; no causal-gene claim made.,NR; NR,body mass index; body weight; waist circumference,Replicated BMI locus; a gene-specific mechanism is not resolved by the retrieved data.,GWAS candidate-target hypothesis; causal gene and intervention effect are unvalidated.,GWAS Catalog mapped adiposity locus; 6 Catalog rows across 3 distinct publications; gene assignment confidence is not equivalent to causality.,Moderate at locus level; low-to-moderate for gene causality,https://pubmed.ncbi.nlm.nih.gov/38604958/; https://pubmed.ncbi.nlm.nih.gov/29212175/; https://pubmed.ncbi.nlm.nih.gov/26680480/; https://pubmed.ncbi.nlm.nih.gov/30124842/,https://www.ebi.ac.uk/gwas/rest/api/v2/studies/GCST90476466; https://www.ebi.ac.uk/gwas/rest/api/v2/studies/GCST90476468; https://www.ebi.ac.uk/gwas/rest/api/v2/studies/GCST90479522; https://www.ebi.ac.uk/gwas/rest/api/v2/studies/GCST90479523; https://www.ebi.ac.uk/gwas/rest/api/v2/studies/GCST90566413; https://www.ebi.ac.uk/gwas/rest/api/v2/studies/GCST90841373,https://www.ebi.ac.uk/gwas/; https://rest.ensembl.org; https://pubmed.ncbi.nlm.nih.gov/,2026-09-30,Moderate for locus; low for gene assignment,Bounded Catalog sample; mapped-locus annotation is not causality; omics unavailable; literature search is not systematic review.
25,FAIM2,ENSG00000135472,Established,Energy Homeostasis & Neuroendocrine Regulation,Genetic-Epigenetic-Developmental-Programming,51,29,9,0,8,4,1,Common-variant GWAS; candidate-gene assignment remains statistical,4 bounded Catalog association rows; 1 distinct publication IDs; traits: body mass index; body weight,NR,Not assessed genome-wide; rs80328470-specific GTEx lookup returned no records (GPR75 only).,Not assessed; no compatible global pQTL dataset was queried.,Not assessed for the 50-gene panel; no compatible expression matrix supplied.,Not assessed for the 50-gene panel; mapper triage is not single-cell evidence.,Common-variant GWAS; functional causality remains uncertain.,Common-variant locus association only; no causal-gene claim made.,Brain; Neurons,body mass index; body weight,Neuronal survival candidate at an established BMI-associated locus.,GWAS candidate-target hypothesis; causal gene and intervention effect are unvalidated.,GWAS Catalog mapped adiposity locus; 4 Catalog rows across 1 distinct publications; gene assignment confidence is not equivalent to causality.,Moderate at locus level; low-to-moderate for gene causality,https://pubmed.ncbi.nlm.nih.gov/33627773/; https://pubmed.ncbi.nlm.nih.gov/31936053/; https://pubmed.ncbi.nlm.nih.gov/31504550/; https://pubmed.ncbi.nlm.nih.gov/30124842/,https://www.ebi.ac.uk/gwas/rest/api/v2/studies/GCST90476466; https://www.ebi.ac.uk/gwas/rest/api/v2/studies/GCST90479521; https://www.ebi.ac.uk/gwas/rest/api/v2/studies/GCST90479522; https://www.ebi.ac.uk/gwas/rest/api/v2/studies/GCST90479523,https://www.ebi.ac.uk/gwas/; https://rest.ensembl.org; https://pubmed.ncbi.nlm.nih.gov/,2026-09-30,Moderate for locus; low for gene assignment,Bounded Catalog sample; mapped-locus annotation is not causality; omics unavailable; literature search is not systematic review.
26,ZFHX3,ENSG00000140836,Emerging,Energy Homeostasis & Neuroendocrine Regulation,Circadian Biology,51,25,7,8,5,4,2,Common-variant GWAS; candidate-gene assignment remains statistical,4 bounded Catalog association rows; 1 distinct publication IDs; traits: body mass index; body weight,NR,Not assessed genome-wide; rs80328470-specific GTEx lookup returned no records (GPR75 only).,Not assessed; no compatible global pQTL dataset was queried.,Mouse SCN time-series RNA-seq; ZFHX3 conditional-null effects on clock-controlled transcription (PMID 40117332).,Not assessed for the 50-gene panel; mapper triage is not single-cell evidence.,"Human abdominal-obesity locus evidence, mouse metabolic phenotyping, and SCN ChIP-seq/RNA-seq (PMIDs 36045113, 37713040, 40117332); not causal human gene proof.",Human abdominal-obesity locus plus mouse metabolic and SCN perturbation evidence; human causal-gene assignment remains unproven.,Suprachiasmatic nucleus / hypothalamus / whole animal; SCN and hypothalamic neurons,body mass index; body weight,"Mouse Zfhx3 variants altered growth, food intake, energy expenditure, and hypothalamic neuropeptides; SCN perturbation altered daily clock-controlled transcription.",GWAS candidate-target hypothesis; causal gene and intervention effect are unvalidated.,GWAS Catalog mapped adiposity locus; 4 Catalog rows across 1 distinct publications; gene assignment confidence is not equivalent to causality.,Moderate at locus level; low-to-moderate for gene causality,https://pubmed.ncbi.nlm.nih.gov/40428858/; https://pubmed.ncbi.nlm.nih.gov/33580673/; https://pubmed.ncbi.nlm.nih.gov/31931171/; https://pubmed.ncbi.nlm.nih.gov/30124842/; https://pubmed.ncbi.nlm.nih.gov/36045113/; https://pubmed.ncbi.nlm.nih.gov/37713040/; https://pubmed.ncbi.nlm.nih.gov/40117332/,https://www.ebi.ac.uk/gwas/rest/api/v2/studies/GCST90476466; https://www.ebi.ac.uk/gwas/rest/api/v2/studies/GCST90479521; https://www.ebi.ac.uk/gwas/rest/api/v2/studies/GCST90479522; https://www.ebi.ac.uk/gwas/rest/api/v2/studies/GCST90479523,https://www.ebi.ac.uk/gwas/; https://rest.ensembl.org; https://pubmed.ncbi.nlm.nih.gov/,2026-09-30,Moderate for locus; low for gene assignment,Bounded Catalog sample; mapped-locus annotation is not causality; omics unavailable; literature search is not systematic review.
27,NRXN3,ENSG00000021645,Emerging,Energy Homeostasis & Neuroendocrine Regulation,Genetic-Epigenetic-Developmental-Programming,50,29,10,0,5,4,2,Common-variant GWAS; candidate-gene assignment remains statistical,3 bounded Catalog association rows; 1 distinct publication IDs; traits: body mass index,NR,Not assessed genome-wide; rs80328470-specific GTEx lookup returned no records (GPR75 only).,Not assessed; no compatible global pQTL dataset was queried.,Not assessed for the 50-gene panel; no compatible expression matrix supplied.,Not assessed for the 50-gene panel; mapper triage is not single-cell evidence.,Common-variant GWAS; target-level mechanism remains uncertain.,Common-variant locus association only; no causal-gene claim made.,Brain; Neurons,body mass index,Neuronal synaptic-adhesion candidate at BMI-associated loci.,GWAS candidate-target hypothesis; causal gene and intervention effect are unvalidated.,GWAS Catalog mapped adiposity locus; 3 Catalog rows across 1 distinct publications; gene assignment confidence is not equivalent to causality.,Moderate at locus level; low-to-moderate for gene causality,https://pubmed.ncbi.nlm.nih.gov/42065629/; https://pubmed.ncbi.nlm.nih.gov/40869120/; https://pubmed.ncbi.nlm.nih.gov/39090731/; https://pubmed.ncbi.nlm.nih.gov/30124842/,https://www.ebi.ac.uk/gwas/rest/api/v2/studies/GCST90479521; https://www.ebi.ac.uk/gwas/rest/api/v2/studies/GCST90479522; https://www.ebi.ac.uk/gwas/rest/api/v2/studies/GCST90479523,https://www.ebi.ac.uk/gwas/; https://rest.ensembl.org; https://pubmed.ncbi.nlm.nih.gov/,2026-09-30,Moderate for locus; low for gene assignment,Bounded Catalog sample; mapped-locus annotation is not causality; omics unavailable; literature search is not systematic review.
28,ETV5,ENSG00000244405,Established,Energy Homeostasis & Neuroendocrine Regulation,Genetic-Epigenetic-Developmental-Programming,50,28,9,0,8,4,1,Common-variant GWAS; candidate-gene assignment remains statistical,2 bounded Catalog association rows; 1 distinct publication IDs; traits: body mass index,NR,Not assessed genome-wide; rs80328470-specific GTEx lookup returned no records (GPR75 only).,Not assessed; no compatible global pQTL dataset was queried.,Not assessed for the 50-gene panel; no compatible expression matrix supplied.,Not assessed for the 50-gene panel; mapper triage is not single-cell evidence.,Common-variant GWAS locus.,Common-variant locus association only; no causal-gene claim made.,NR; NR,body mass index,Transcription-factor candidate at a replicated BMI locus.,GWAS candidate-target hypothesis; causal gene and intervention effect are unvalidated.,GWAS Catalog mapped adiposity locus; 2 Catalog rows across 1 distinct publications; gene assignment confidence is not equivalent to causality.,Moderate at locus level; low-to-moderate for gene causality,https://pubmed.ncbi.nlm.nih.gov/34716308/; https://pubmed.ncbi.nlm.nih.gov/28645872/; https://pubmed.ncbi.nlm.nih.gov/28041791/; https://pubmed.ncbi.nlm.nih.gov/30124842/,https://www.ebi.ac.uk/gwas/rest/api/v2/studies/GCST90479522; https://www.ebi.ac.uk/gwas/rest/api/v2/studies/GCST90479523,https://www.ebi.ac.uk/gwas/; https://rest.ensembl.org; https://pubmed.ncbi.nlm.nih.gov/,2026-09-30,Moderate for locus; low for gene assignment,Bounded Catalog sample; mapped-locus annotation is not causality; omics unavailable; literature search is not systematic review.
29,NEGR1,ENSG00000172260,Established,Energy Homeostasis & Neuroendocrine Regulation,Genetic-Epigenetic-Developmental-Programming,50,28,9,0,8,4,1,NR,0 bounded Catalog association rows; 0 distinct publication IDs; traits: none in bounded sample,NR,Not assessed genome-wide; rs80328470-specific GTEx lookup returned no records (GPR75 only).,Not assessed; no compatible global pQTL dataset was queried.,Not assessed for the 50-gene panel; no compatible expression matrix supplied.,Not assessed for the 50-gene panel; mapper triage is not single-cell evidence.,Common-variant GWAS; gene assignment is not proven causal.,Common-variant locus association only; no causal-gene claim made.,Brain; Neurons,NR,Neuronal cell-adhesion candidate at a replicated BMI locus.,GWAS candidate-target hypothesis; causal gene and intervention effect are unvalidated.,Curated literature evidence; 0 Catalog rows across 0 distinct publications; gene assignment confidence is not equivalent to causality.,Limited,https://pubmed.ncbi.nlm.nih.gov/27617112/; https://pubmed.ncbi.nlm.nih.gov/40405979/; https://pubmed.ncbi.nlm.nih.gov/37935012/; https://pubmed.ncbi.nlm.nih.gov/30124842/,NR,https://www.ebi.ac.uk/gwas/; https://rest.ensembl.org; https://pubmed.ncbi.nlm.nih.gov/,2026-09-30,Low,Bounded Catalog sample; mapped-locus annotation is not causality; omics unavailable; literature search is not systematic review.
30,NPC1,ENSG00000141458,Emerging,Lipid Metabolism & Lipid Handling,Mitochondrial & Cellular Energy Metabolism,50,26,12,0,5,5,2,Common-variant GWAS; candidate-gene assignment remains statistical,3 bounded Catalog association rows; 1 distinct publication IDs; traits: body mass index,NR,Not assessed genome-wide; rs80328470-specific GTEx lookup returned no records (GPR75 only).,Not assessed; no compatible global pQTL dataset was queried.,Not assessed for the 50-gene panel; no compatible expression matrix supplied.,Not assessed for the 50-gene panel; mapper triage is not single-cell evidence.,Established lipid biology plus adiposity-associated locus evidence.,Common-variant locus association only; no causal-gene claim made.,Multiple tissues; NR,body mass index,Intracellular cholesterol trafficking.,GWAS candidate-target hypothesis; causal gene and intervention effect are unvalidated.,GWAS Catalog mapped adiposity locus; 3 Catalog rows across 1 distinct publications; gene assignment confidence is not equivalent to causality.,Moderate at locus level; low-to-moderate for gene causality,https://pubmed.ncbi.nlm.nih.gov/30209687/; https://pubmed.ncbi.nlm.nih.gov/42434303/; https://pubmed.ncbi.nlm.nih.gov/33139814/; https://pubmed.ncbi.nlm.nih.gov/30124842/,https://www.ebi.ac.uk/gwas/rest/api/v2/studies/GCST90479521; https://www.ebi.ac.uk/gwas/rest/api/v2/studies/GCST90479522; https://www.ebi.ac.uk/gwas/rest/api/v2/studies/GCST90479523,https://www.ebi.ac.uk/gwas/; https://rest.ensembl.org; https://pubmed.ncbi.nlm.nih.gov/,2026-09-30,Moderate for locus; low for gene assignment,Bounded Catalog sample; mapped-locus annotation is not causality; omics unavailable; literature search is not systematic review.
31,ADCY5,ENSG00000173175,Emerging,Glucose Homeostasis & Insulin Signaling,Skeletal Muscle Biology,49,28,10,0,5,4,2,Common-variant GWAS; candidate-gene assignment remains statistical,3 bounded Catalog association rows; 1 distinct publication IDs; traits: body mass index; body weight,NR,Not assessed genome-wide; rs80328470-specific GTEx lookup returned no records (GPR75 only).,Not assessed; no compatible global pQTL dataset was queried.,Not assessed for the 50-gene panel; no compatible expression matrix supplied.,Not assessed for the 50-gene panel; mapper triage is not single-cell evidence.,Human metabolic genetics; obesity-specific effect remains indirect.,Common-variant locus association only; no causal-gene claim made.,Pancreas / muscle; Endocrine cells,body mass index; body weight,cAMP signaling candidate at metabolic-trait and adiposity loci.,GWAS candidate-target hypothesis; causal gene and intervention effect are unvalidated.,GWAS Catalog mapped adiposity locus; 3 Catalog rows across 1 distinct publications; gene assignment confidence is not equivalent to causality.,Moderate at locus level; low-to-moderate for gene causality,https://pubmed.ncbi.nlm.nih.gov/32046385/; https://pubmed.ncbi.nlm.nih.gov/41634175/; https://pubmed.ncbi.nlm.nih.gov/39104385/; https://pubmed.ncbi.nlm.nih.gov/30124842/,https://www.ebi.ac.uk/gwas/rest/api/v2/studies/GCST90476466; https://www.ebi.ac.uk/gwas/rest/api/v2/studies/GCST90479522; https://www.ebi.ac.uk/gwas/rest/api/v2/studies/GCST90479523,https://www.ebi.ac.uk/gwas/; https://rest.ensembl.org; https://pubmed.ncbi.nlm.nih.gov/,2026-09-30,Moderate for locus; low for gene assignment,Bounded Catalog sample; mapped-locus annotation is not causality; omics unavailable; literature search is not systematic review.
32,SPARC,ENSG00000113140,Emerging,Immunometabolic Inflammation,Adipose Tissue Biology & Adiposity,49,27,9,0,5,6,2,Rare coding/monogenic human evidence,0 bounded Catalog association rows; 0 distinct publication IDs; traits: none in bounded sample,Gene-level rare coding burden reported in PMID 34210852; individual variants/effects not copied here.,Not assessed genome-wide; rs80328470-specific GTEx lookup returned no records (GPR75 only).,Not assessed; no compatible global pQTL dataset was queried.,Not assessed for the 50-gene panel; no compatible expression matrix supplied.,Not assessed for the 50-gene panel; mapper triage is not single-cell evidence.,Rare coding association plus plausible tissue biology; specific causal route unconfirmed.,Rare variant-burden signal; requires independent replication and functional follow-up.,Adipose / connective tissue; Stromal cells,Obesity / severe obesity (human monogenic or rare-variant literature),Extracellular-matrix and adipose-remodeling candidate at a rare-variant signal.,"Genetic/pathway rationale only; target modality, efficacy, and safety were not assessed.",Rare coding gene-burden evidence; 0 Catalog rows across 0 distinct publications; gene assignment confidence is not equivalent to causality.,"Moderate: human rare-burden signal, limited mechanism",https://pubmed.ncbi.nlm.nih.gov/34210852/; https://pubmed.ncbi.nlm.nih.gov/42564866/; https://pubmed.ncbi.nlm.nih.gov/39269452/; https://pubmed.ncbi.nlm.nih.gov/38292634/,NR,https://www.ebi.ac.uk/gwas/; https://rest.ensembl.org; https://pubmed.ncbi.nlm.nih.gov/,2026-09-30,Moderate,Bounded Catalog sample; mapped-locus annotation is not causality; omics unavailable; literature search is not systematic review.
33,RPTOR,ENSG00000141564,Emerging,Mitochondrial & Cellular Energy Metabolism,Glucose Homeostasis & Insulin Signaling; Adipose Tissue Biology & Adiposity,49,26,12,0,5,4,2,Common-variant GWAS; candidate-gene assignment remains statistical,3 bounded Catalog association rows; 1 distinct publication IDs; traits: body mass index,NR,Not assessed genome-wide; rs80328470-specific GTEx lookup returned no records (GPR75 only).,Not assessed; no compatible global pQTL dataset was queried.,Not assessed for the 50-gene panel; no compatible expression matrix supplied.,Not assessed for the 50-gene panel; mapper triage is not single-cell evidence.,Mechanistic pathway knowledge; Catalog mapping alone does not establish causal obesity role.,Common-variant locus association only; no causal-gene claim made.,Multiple metabolic tissues; NR,body mass index,mTORC1 scaffold and nutrient-sensing candidate at an adiposity locus.,GWAS candidate-target hypothesis; causal gene and intervention effect are unvalidated.,GWAS Catalog mapped adiposity locus; 3 Catalog rows across 1 distinct publications; gene assignment confidence is not equivalent to causality.,Moderate at locus level; low-to-moderate for gene causality,https://pubmed.ncbi.nlm.nih.gov/40149317/; https://pubmed.ncbi.nlm.nih.gov/38746632/; https://pubmed.ncbi.nlm.nih.gov/33977204/; https://pubmed.ncbi.nlm.nih.gov/30124842/,https://www.ebi.ac.uk/gwas/rest/api/v2/studies/GCST90479521; https://www.ebi.ac.uk/gwas/rest/api/v2/studies/GCST90479522; https://www.ebi.ac.uk/gwas/rest/api/v2/studies/GCST90479523,https://www.ebi.ac.uk/gwas/; https://rest.ensembl.org; https://pubmed.ncbi.nlm.nih.gov/,2026-09-30,Moderate for locus; low for gene assignment,Bounded Catalog sample; mapped-locus annotation is not causality; omics unavailable; literature search is not systematic review.
34,KCTD15,ENSG00000153885,Established,Genetic-Epigenetic-Developmental-Programming,Energy Homeostasis & Neuroendocrine Regulation,48,27,8,0,8,4,1,Common-variant GWAS; candidate-gene assignment remains statistical,3 bounded Catalog association rows; 1 distinct publication IDs; traits: body mass index,NR,Not assessed genome-wide; rs80328470-specific GTEx lookup returned no records (GPR75 only).,Not assessed; no compatible global pQTL dataset was queried.,Not assessed for the 50-gene panel; no compatible expression matrix supplied.,Not assessed for the 50-gene panel; mapper triage is not single-cell evidence.,Common-variant GWAS locus; specific effector remains uncertain.,Common-variant locus association only; no causal-gene claim made.,NR; NR,body mass index,Developmental transcriptional candidate at an obesity-associated locus.,GWAS candidate-target hypothesis; causal gene and intervention effect are unvalidated.,GWAS Catalog mapped adiposity locus; 3 Catalog rows across 1 distinct publications; gene assignment confidence is not equivalent to causality.,Moderate at locus level; low-to-moderate for gene causality,https://pubmed.ncbi.nlm.nih.gov/33299884/; https://pubmed.ncbi.nlm.nih.gov/32109558/; https://pubmed.ncbi.nlm.nih.gov/24269186/; https://pubmed.ncbi.nlm.nih.gov/30124842/,https://www.ebi.ac.uk/gwas/rest/api/v2/studies/GCST90479521; https://www.ebi.ac.uk/gwas/rest/api/v2/studies/GCST90479522; https://www.ebi.ac.uk/gwas/rest/api/v2/studies/GCST90479523,https://www.ebi.ac.uk/gwas/; https://rest.ensembl.org; https://pubmed.ncbi.nlm.nih.gov/,2026-09-30,Moderate for locus; low for gene assignment,Bounded Catalog sample; mapped-locus annotation is not causality; omics unavailable; literature search is not systematic review.
35,DPP9,ENSG00000142002,Emerging,Immunometabolic Inflammation,Mitochondrial & Cellular Energy Metabolism,48,27,8,0,5,6,2,Rare coding/monogenic human evidence,0 bounded Catalog association rows; 0 distinct publication IDs; traits: none in bounded sample,Gene-level rare coding burden reported in PMID 34210852; individual variants/effects not copied here.,Not assessed genome-wide; rs80328470-specific GTEx lookup returned no records (GPR75 only).,Not assessed; no compatible global pQTL dataset was queried.,Not assessed for the 50-gene panel; no compatible expression matrix supplied.,Not assessed for the 50-gene panel; mapper triage is not single-cell evidence.,Rare coding association; obesity-specific mechanism not established.,Rare variant-burden signal; requires independent replication and functional follow-up.,Immune / metabolic tissues; Immune cells,Obesity / severe obesity (human monogenic or rare-variant literature),Protease/inflammasome-related pathway candidate at a rare coding signal.,"Genetic/pathway rationale only; target modality, efficacy, and safety were not assessed.",Rare coding gene-burden evidence; 0 Catalog rows across 0 distinct publications; gene assignment confidence is not equivalent to causality.,"Moderate: human rare-burden signal, limited mechanism",https://pubmed.ncbi.nlm.nih.gov/34210852/; https://pubmed.ncbi.nlm.nih.gov/40187163/; https://pubmed.ncbi.nlm.nih.gov/34874954/; https://pubmed.ncbi.nlm.nih.gov/29888956/,NR,https://www.ebi.ac.uk/gwas/; https://rest.ensembl.org; https://pubmed.ncbi.nlm.nih.gov/,2026-09-30,Moderate,Bounded Catalog sample; mapped-locus annotation is not causality; omics unavailable; literature search is not systematic review.
36,GNPDA2,ENSG00000163281,Established,Mitochondrial & Cellular Energy Metabolism,Energy Homeostasis & Neuroendocrine Regulation,48,27,8,0,8,4,1,NR,0 bounded Catalog association rows; 0 distinct publication IDs; traits: none in bounded sample,NR,Not assessed genome-wide; rs80328470-specific GTEx lookup returned no records (GPR75 only).,Not assessed; no compatible global pQTL dataset was queried.,Not assessed for the 50-gene panel; no compatible expression matrix supplied.,Not assessed for the 50-gene panel; mapper triage is not single-cell evidence.,Common-variant GWAS; mechanism remains incompletely resolved.,Common-variant locus association only; no causal-gene claim made.,NR; NR,NR,Glucosamine metabolism candidate at a replicated BMI locus.,GWAS candidate-target hypothesis; causal gene and intervention effect are unvalidated.,Curated literature evidence; 0 Catalog rows across 0 distinct publications; gene assignment confidence is not equivalent to causality.,Limited,https://pubmed.ncbi.nlm.nih.gov/40195065/; https://pubmed.ncbi.nlm.nih.gov/32982666/; https://pubmed.ncbi.nlm.nih.gov/32210695/; https://pubmed.ncbi.nlm.nih.gov/30124842/,NR,https://www.ebi.ac.uk/gwas/; https://rest.ensembl.org; https://pubmed.ncbi.nlm.nih.gov/,2026-09-30,Low,Bounded Catalog sample; mapped-locus annotation is not causality; omics unavailable; literature search is not systematic review.
37,ADCY9,ENSG00000162104,Novel,Mitochondrial & Cellular Energy Metabolism,Energy Homeostasis & Neuroendocrine Regulation,46,29,7,0,3,3,4,Common-variant GWAS; candidate-gene assignment remains statistical,5 bounded Catalog association rows; 2 distinct publication IDs; traits: body fat percentage; body mass index; body weight,NR,Not assessed genome-wide; rs80328470-specific GTEx lookup returned no records (GPR75 only).,Not assessed; no compatible global pQTL dataset was queried.,Not assessed for the 50-gene panel; no compatible expression matrix supplied.,Not assessed for the 50-gene panel; mapper triage is not single-cell evidence.,Catalog-mapped adiposity locus; hypothesis-generating target assignment.,Common-variant locus association only; no causal-gene claim made.,NR; NR,body fat percentage; body mass index; body weight,cAMP pathway candidate at an adiposity locus; effector gene unresolved.,GWAS candidate-target hypothesis; causal gene and intervention effect are unvalidated.,GWAS Catalog mapped adiposity locus; 5 Catalog rows across 2 distinct publications; gene assignment confidence is not equivalent to causality.,Moderate at locus level; low-to-moderate for gene causality,https://pubmed.ncbi.nlm.nih.gov/35295960/; https://pubmed.ncbi.nlm.nih.gov/25946404/; https://pubmed.ncbi.nlm.nih.gov/41053884/; https://pubmed.ncbi.nlm.nih.gov/30124842/,https://www.ebi.ac.uk/gwas/rest/api/v2/studies/GCST90468175; https://www.ebi.ac.uk/gwas/rest/api/v2/studies/GCST90476466; https://www.ebi.ac.uk/gwas/rest/api/v2/studies/GCST90479521; https://www.ebi.ac.uk/gwas/rest/api/v2/studies/GCST90479522; https://www.ebi.ac.uk/gwas/rest/api/v2/studies/GCST90479523,https://www.ebi.ac.uk/gwas/; https://rest.ensembl.org; https://pubmed.ncbi.nlm.nih.gov/,2026-09-30,Moderate for locus; low for gene assignment,Bounded Catalog sample; mapped-locus annotation is not causality; omics unavailable; literature search is not systematic review.
38,MAP2K5,ENSG00000137764,Emerging,Energy Homeostasis & Neuroendocrine Regulation,Skeletal Muscle Biology,46,27,8,0,5,4,2,Common-variant GWAS; candidate-gene assignment remains statistical,4 bounded Catalog association rows; 1 distinct publication IDs; traits: body mass index; body weight,NR,Not assessed genome-wide; rs80328470-specific GTEx lookup returned no records (GPR75 only).,Not assessed; no compatible global pQTL dataset was queried.,Not assessed for the 50-gene panel; no compatible expression matrix supplied.,Not assessed for the 50-gene panel; mapper triage is not single-cell evidence.,Catalog-mapped common variant; locus-to-gene assignment is statistical.,Common-variant locus association only; no causal-gene claim made.,NR; NR,body mass index; body weight,BMI-associated locus with MAP-kinase candidate assignment.,GWAS candidate-target hypothesis; causal gene and intervention effect are unvalidated.,GWAS Catalog mapped adiposity locus; 4 Catalog rows across 1 distinct publications; gene assignment confidence is not equivalent to causality.,Moderate at locus level; low-to-moderate for gene causality,https://pubmed.ncbi.nlm.nih.gov/41299637/; https://pubmed.ncbi.nlm.nih.gov/29212175/; https://pubmed.ncbi.nlm.nih.gov/26674805/; https://pubmed.ncbi.nlm.nih.gov/30124842/,https://www.ebi.ac.uk/gwas/rest/api/v2/studies/GCST90476466; https://www.ebi.ac.uk/gwas/rest/api/v2/studies/GCST90479521; https://www.ebi.ac.uk/gwas/rest/api/v2/studies/GCST90479522; https://www.ebi.ac.uk/gwas/rest/api/v2/studies/GCST90479523,https://www.ebi.ac.uk/gwas/; https://rest.ensembl.org; https://pubmed.ncbi.nlm.nih.gov/,2026-09-30,Moderate for locus; low for gene assignment,Bounded Catalog sample; mapped-locus annotation is not causality; omics unavailable; literature search is not systematic review.
39,FGF19,ENSG00000162344,Emerging,Gut Microbiome & Intestinal Biology,Lipid Metabolism & Lipid Handling; Glucose Homeostasis & Insulin Signaling,45,25,9,0,5,4,2,Common-variant GWAS; candidate-gene assignment remains statistical,3 bounded Catalog association rows; 1 distinct publication IDs; traits: body mass index,NR,Not assessed genome-wide; rs80328470-specific GTEx lookup returned no records (GPR75 only).,Not assessed; no compatible global pQTL dataset was queried.,Not assessed for the 50-gene panel; no compatible expression matrix supplied.,Not assessed for the 50-gene panel; mapper triage is not single-cell evidence.,Biological pathway plausibility plus mapped locus; obesity causality not established.,Common-variant locus association only; no causal-gene claim made.,Ileum / liver; Enteroendocrine cells,body mass index,Gut-derived endocrine signaling candidate; Catalog maps adiposity-associated loci to this region.,GWAS candidate-target hypothesis; causal gene and intervention effect are unvalidated.,GWAS Catalog mapped adiposity locus; 3 Catalog rows across 1 distinct publications; gene assignment confidence is not equivalent to causality.,Moderate at locus level; low-to-moderate for gene causality,https://pubmed.ncbi.nlm.nih.gov/38863907/; https://pubmed.ncbi.nlm.nih.gov/28780756/; https://pubmed.ncbi.nlm.nih.gov/26428296/; https://pubmed.ncbi.nlm.nih.gov/30124842/,https://www.ebi.ac.uk/gwas/rest/api/v2/studies/GCST90479521; https://www.ebi.ac.uk/gwas/rest/api/v2/studies/GCST90479522; https://www.ebi.ac.uk/gwas/rest/api/v2/studies/GCST90479523,https://www.ebi.ac.uk/gwas/; https://rest.ensembl.org; https://pubmed.ncbi.nlm.nih.gov/,2026-09-30,Moderate for locus; low for gene assignment,Bounded Catalog sample; mapped-locus annotation is not causality; omics unavailable; literature search is not systematic review.
40,CCND2,ENSG00000118971,Novel,Genetic-Epigenetic-Developmental-Programming,Adipose Tissue Biology & Adiposity,44,28,6,0,3,3,4,Common-variant GWAS; candidate-gene assignment remains statistical,4 bounded Catalog association rows; 1 distinct publication IDs; traits: body mass index; body weight,NR,Not assessed genome-wide; rs80328470-specific GTEx lookup returned no records (GPR75 only).,Not assessed; no compatible global pQTL dataset was queried.,Not assessed for the 50-gene panel; no compatible expression matrix supplied.,Not assessed for the 50-gene panel; mapper triage is not single-cell evidence.,Catalog locus mapping only; hypothesis-generating.,Common-variant locus association only; no causal-gene claim made.,NR; NR,body mass index; body weight,Cell-cycle regulator mapped at an adiposity locus; gene-level mechanism not established.,GWAS candidate-target hypothesis; causal gene and intervention effect are unvalidated.,GWAS Catalog mapped adiposity locus; 4 Catalog rows across 1 distinct publications; gene assignment confidence is not equivalent to causality.,Moderate at locus level; low-to-moderate for gene causality,https://pubmed.ncbi.nlm.nih.gov/36016863/; https://pubmed.ncbi.nlm.nih.gov/33290791/; https://pubmed.ncbi.nlm.nih.gov/24464100/; https://pubmed.ncbi.nlm.nih.gov/30124842/,https://www.ebi.ac.uk/gwas/rest/api/v2/studies/GCST90476466; https://www.ebi.ac.uk/gwas/rest/api/v2/studies/GCST90479521; https://www.ebi.ac.uk/gwas/rest/api/v2/studies/GCST90479522; https://www.ebi.ac.uk/gwas/rest/api/v2/studies/GCST90479523,https://www.ebi.ac.uk/gwas/; https://rest.ensembl.org; https://pubmed.ncbi.nlm.nih.gov/,2026-09-30,Moderate for locus; low for gene assignment,Bounded Catalog sample; mapped-locus annotation is not causality; omics unavailable; literature search is not systematic review.
41,LINGO2,ENSG00000174482,Novel,Energy Homeostasis & Neuroendocrine Regulation,Genetic-Epigenetic-Developmental-Programming,44,27,7,0,3,3,4,Common-variant GWAS; candidate-gene assignment remains statistical,3 bounded Catalog association rows; 1 distinct publication IDs; traits: body mass index; body weight,NR,Not assessed genome-wide; rs80328470-specific GTEx lookup returned no records (GPR75 only).,Not assessed; no compatible global pQTL dataset was queried.,Not assessed for the 50-gene panel; no compatible expression matrix supplied.,Not assessed for the 50-gene panel; mapper triage is not single-cell evidence.,Catalog-mapped common variant; causal gene and mechanism uncertain.,Common-variant locus association only; no causal-gene claim made.,Brain (hypothesis); Neurons (hypothesis),body mass index; body weight,Neural-development candidate at a BMI-associated locus.,GWAS candidate-target hypothesis; causal gene and intervention effect are unvalidated.,GWAS Catalog mapped adiposity locus; 3 Catalog rows across 1 distinct publications; gene assignment confidence is not equivalent to causality.,Moderate at locus level; low-to-moderate for gene causality,https://pubmed.ncbi.nlm.nih.gov/24782328/; https://pubmed.ncbi.nlm.nih.gov/22618246/; https://pubmed.ncbi.nlm.nih.gov/30567476/; https://pubmed.ncbi.nlm.nih.gov/30124842/,https://www.ebi.ac.uk/gwas/rest/api/v2/studies/GCST90476466; https://www.ebi.ac.uk/gwas/rest/api/v2/studies/GCST90479522; https://www.ebi.ac.uk/gwas/rest/api/v2/studies/GCST90479523,https://www.ebi.ac.uk/gwas/; https://rest.ensembl.org; https://pubmed.ncbi.nlm.nih.gov/,2026-09-30,Moderate for locus; low for gene assignment,Bounded Catalog sample; mapped-locus annotation is not causality; omics unavailable; literature search is not systematic review.
42,ANO4,ENSG00000151572,Emerging,Mitochondrial & Cellular Energy Metabolism,Energy Homeostasis & Neuroendocrine Regulation,44,27,4,0,5,6,2,Rare coding/monogenic human evidence,0 bounded Catalog association rows; 0 distinct publication IDs; traits: none in bounded sample,Gene-level rare coding burden reported in PMID 34210852; individual variants/effects not copied here.,Not assessed genome-wide; rs80328470-specific GTEx lookup returned no records (GPR75 only).,Not assessed; no compatible global pQTL dataset was queried.,Not assessed for the 50-gene panel; no compatible expression matrix supplied.,Not assessed for the 50-gene panel; mapper triage is not single-cell evidence.,Human exome burden association; gene-level causality not independently validated here.,Rare variant-burden signal; requires independent replication and functional follow-up.,NR; NR,Obesity / severe obesity (human monogenic or rare-variant literature),Rare coding burden candidate; cell-type and pathway mechanism unresolved.,"Genetic/pathway rationale only; target modality, efficacy, and safety were not assessed.",Rare coding gene-burden evidence; 0 Catalog rows across 0 distinct publications; gene assignment confidence is not equivalent to causality.,"Moderate: human rare-burden signal, limited mechanism",https://pubmed.ncbi.nlm.nih.gov/34210852/,NR,https://www.ebi.ac.uk/gwas/; https://rest.ensembl.org; https://pubmed.ncbi.nlm.nih.gov/,2026-09-30,Moderate,Bounded Catalog sample; mapped-locus annotation is not causality; omics unavailable; literature search is not systematic review.
43,UBR2,ENSG00000024048,Emerging,Genetic-Epigenetic-Developmental-Programming,Mitochondrial & Cellular Energy Metabolism,44,27,4,0,5,6,2,Rare coding/monogenic human evidence,0 bounded Catalog association rows; 0 distinct publication IDs; traits: none in bounded sample,Gene-level rare coding burden reported in PMID 34210852; individual variants/effects not copied here.,Not assessed genome-wide; rs80328470-specific GTEx lookup returned no records (GPR75 only).,Not assessed; no compatible global pQTL dataset was queried.,Not assessed for the 50-gene panel; no compatible expression matrix supplied.,Not assessed for the 50-gene panel; mapper triage is not single-cell evidence.,Human exome burden association; no direct obesity mechanism assigned.,Rare variant-burden signal; requires independent replication and functional follow-up.,NR; NR,Obesity / severe obesity (human monogenic or rare-variant literature),Rare coding burden candidate; mechanism in obesity remains unresolved.,"Genetic/pathway rationale only; target modality, efficacy, and safety were not assessed.",Rare coding gene-burden evidence; 0 Catalog rows across 0 distinct publications; gene assignment confidence is not equivalent to causality.,"Moderate: human rare-burden signal, limited mechanism",https://pubmed.ncbi.nlm.nih.gov/34210852/; https://pubmed.ncbi.nlm.nih.gov/36346641/; https://pubmed.ncbi.nlm.nih.gov/35245436/,NR,https://www.ebi.ac.uk/gwas/; https://rest.ensembl.org; https://pubmed.ncbi.nlm.nih.gov/,2026-09-30,Moderate,Bounded Catalog sample; mapped-locus annotation is not causality; omics unavailable; literature search is not systematic review.
44,ROBO1,ENSG00000169855,Emerging,Genetic-Epigenetic-Developmental-Programming,Energy Homeostasis & Neuroendocrine Regulation,44,26,5,0,5,6,2,Rare coding/monogenic human evidence,0 bounded Catalog association rows; 0 distinct publication IDs; traits: none in bounded sample,Gene-level rare coding burden reported in PMID 34210852; individual variants/effects not copied here.,Not assessed genome-wide; rs80328470-specific GTEx lookup returned no records (GPR75 only).,Not assessed; no compatible global pQTL dataset was queried.,Not assessed for the 50-gene panel; no compatible expression matrix supplied.,Not assessed for the 50-gene panel; mapper triage is not single-cell evidence.,Human exome burden signal; mechanism not resolved.,Rare variant-burden signal; requires independent replication and functional follow-up.,NR; NR,Obesity / severe obesity (human monogenic or rare-variant literature),Rare coding burden candidate; developmental/neuronal mechanism remains hypothetical.,"Genetic/pathway rationale only; target modality, efficacy, and safety were not assessed.",Rare coding gene-burden evidence; 0 Catalog rows across 0 distinct publications; gene assignment confidence is not equivalent to causality.,"Moderate: human rare-burden signal, limited mechanism",https://pubmed.ncbi.nlm.nih.gov/34210852/; https://pubmed.ncbi.nlm.nih.gov/42600716/; https://pubmed.ncbi.nlm.nih.gov/40204210/; https://pubmed.ncbi.nlm.nih.gov/39163753/,NR,https://www.ebi.ac.uk/gwas/; https://rest.ensembl.org; https://pubmed.ncbi.nlm.nih.gov/,2026-09-30,Moderate,Bounded Catalog sample; mapped-locus annotation is not causality; omics unavailable; literature search is not systematic review.
45,ANKRD27,ENSG00000105186,Emerging,Mitochondrial & Cellular Energy Metabolism,Adipose Tissue Biology & Adiposity,43,26,4,0,5,6,2,Rare coding/monogenic human evidence,0 bounded Catalog association rows; 0 distinct publication IDs; traits: none in bounded sample,Gene-level rare coding burden reported in PMID 34210852; individual variants/effects not copied here.,Not assessed genome-wide; rs80328470-specific GTEx lookup returned no records (GPR75 only).,Not assessed; no compatible global pQTL dataset was queried.,Not assessed for the 50-gene panel; no compatible expression matrix supplied.,Not assessed for the 50-gene panel; mapper triage is not single-cell evidence.,Human exome burden association; no independent mechanistic validation scored.,Rare variant-burden signal; requires independent replication and functional follow-up.,NR; NR,Obesity / severe obesity (human monogenic or rare-variant literature),Rare coding burden candidate; vesicle-trafficking/adiposity mechanism is unvalidated.,"Genetic/pathway rationale only; target modality, efficacy, and safety were not assessed.",Rare coding gene-burden evidence; 0 Catalog rows across 0 distinct publications; gene assignment confidence is not equivalent to causality.,"Moderate: human rare-burden signal, limited mechanism",https://pubmed.ncbi.nlm.nih.gov/34210852/,NR,https://www.ebi.ac.uk/gwas/; https://rest.ensembl.org; https://pubmed.ncbi.nlm.nih.gov/,2026-09-30,Moderate,Bounded Catalog sample; mapped-locus annotation is not causality; omics unavailable; literature search is not systematic review.
46,BLTP1,ENSG00000138688,Emerging,Genetic-Epigenetic-Developmental-Programming,Mitochondrial & Cellular Energy Metabolism,43,26,4,0,5,6,2,Rare coding/monogenic human evidence,0 bounded Catalog association rows; 0 distinct publication IDs; traits: none in bounded sample,Gene-level rare coding burden reported in PMID 34210852; individual variants/effects not copied here.,Not assessed genome-wide; rs80328470-specific GTEx lookup returned no records (GPR75 only).,Not assessed; no compatible global pQTL dataset was queried.,Not assessed for the 50-gene panel; no compatible expression matrix supplied.,Not assessed for the 50-gene panel; mapper triage is not single-cell evidence.,Human exome burden association reported under the legacy alias KIAA1109; gene-level mechanism is unresolved.,Rare variant-burden signal; requires independent replication and functional follow-up.,NR; NR,Obesity / severe obesity (human monogenic or rare-variant literature),Rare coding burden candidate with unresolved obesity mechanism.,"Genetic/pathway rationale only; target modality, efficacy, and safety were not assessed.",Rare coding gene-burden evidence; 0 Catalog rows across 0 distinct publications; gene assignment confidence is not equivalent to causality.,"Moderate: human rare-burden signal, limited mechanism",https://pubmed.ncbi.nlm.nih.gov/34210852/,NR,https://www.ebi.ac.uk/gwas/; https://rest.ensembl.org; https://pubmed.ncbi.nlm.nih.gov/,2026-09-30,Moderate,Bounded Catalog sample; mapped-locus annotation is not causality; omics unavailable; literature search is not systematic review.
47,CRTC1,ENSG00000105662,Emerging,Energy Homeostasis & Neuroendocrine Regulation,Genetic-Epigenetic-Developmental-Programming,43,24,8,0,5,4,2,Common-variant GWAS; candidate-gene assignment remains statistical,3 bounded Catalog association rows; 1 distinct publication IDs; traits: body mass index,NR,Not assessed genome-wide; rs80328470-specific GTEx lookup returned no records (GPR75 only).,Not assessed; no compatible global pQTL dataset was queried.,Not assessed for the 50-gene panel; no compatible expression matrix supplied.,Not assessed for the 50-gene panel; mapper triage is not single-cell evidence.,Catalog locus mapping; gene-level mechanism remains uncertain.,Common-variant locus association only; no causal-gene claim made.,NR; NR,body mass index,Transcriptional co-activator candidate at an adiposity locus.,GWAS candidate-target hypothesis; causal gene and intervention effect are unvalidated.,GWAS Catalog mapped adiposity locus; 3 Catalog rows across 1 distinct publications; gene assignment confidence is not equivalent to causality.,Moderate at locus level; low-to-moderate for gene causality,https://pubmed.ncbi.nlm.nih.gov/42230648/; https://pubmed.ncbi.nlm.nih.gov/36349991/; https://pubmed.ncbi.nlm.nih.gov/34588385/; https://pubmed.ncbi.nlm.nih.gov/30124842/,https://www.ebi.ac.uk/gwas/rest/api/v2/studies/GCST90479521; https://www.ebi.ac.uk/gwas/rest/api/v2/studies/GCST90479522; https://www.ebi.ac.uk/gwas/rest/api/v2/studies/GCST90479523,https://www.ebi.ac.uk/gwas/; https://rest.ensembl.org; https://pubmed.ncbi.nlm.nih.gov/,2026-09-30,Moderate for locus; low for gene assignment,Bounded Catalog sample; mapped-locus annotation is not causality; omics unavailable; literature search is not systematic review.
48,MCM6,ENSG00000076003,Novel,Gut Microbiome & Intestinal Biology,Adipose Tissue Biology & Adiposity,42,26,6,0,3,3,4,Common-variant GWAS; candidate-gene assignment remains statistical,3 bounded Catalog association rows; 1 distinct publication IDs; traits: body mass index; body weight,NR,Not assessed genome-wide; rs80328470-specific GTEx lookup returned no records (GPR75 only).,Not assessed; no compatible global pQTL dataset was queried.,Not assessed for the 50-gene panel; no compatible expression matrix supplied.,Not assessed for the 50-gene panel; mapper triage is not single-cell evidence.,Catalog-mapped locus only; functional assignment requires validation.,Common-variant locus association only; no causal-gene claim made.,Intestine (hypothesis); NR,body mass index; body weight,Adiposity-associated locus; an intestinal/dietary interpretation is unproven for this association.,GWAS candidate-target hypothesis; causal gene and intervention effect are unvalidated.,GWAS Catalog mapped adiposity locus; 3 Catalog rows across 1 distinct publications; gene assignment confidence is not equivalent to causality.,Moderate at locus level; low-to-moderate for gene causality,https://pubmed.ncbi.nlm.nih.gov/28285768/; https://pubmed.ncbi.nlm.nih.gov/40369625/; https://pubmed.ncbi.nlm.nih.gov/35069893/; https://pubmed.ncbi.nlm.nih.gov/30124842/,https://www.ebi.ac.uk/gwas/rest/api/v2/studies/GCST90476466; https://www.ebi.ac.uk/gwas/rest/api/v2/studies/GCST90479522; https://www.ebi.ac.uk/gwas/rest/api/v2/studies/GCST90479523,https://www.ebi.ac.uk/gwas/; https://rest.ensembl.org; https://pubmed.ncbi.nlm.nih.gov/,2026-09-30,Moderate for locus; low for gene assignment,Bounded Catalog sample; mapped-locus annotation is not causality; omics unavailable; literature search is not systematic review.
49,SYT10,ENSG00000110975,Novel,Energy Homeostasis & Neuroendocrine Regulation,Genetic-Epigenetic-Developmental-Programming,42,25,7,0,3,3,4,Common-variant GWAS; candidate-gene assignment remains statistical,4 bounded Catalog association rows; 1 distinct publication IDs; traits: body mass index; body weight,NR,Not assessed genome-wide; rs80328470-specific GTEx lookup returned no records (GPR75 only).,Not assessed; no compatible global pQTL dataset was queried.,Not assessed for the 50-gene panel; no compatible expression matrix supplied.,Not assessed for the 50-gene panel; mapper triage is not single-cell evidence.,Catalog-mapped locus only; hypothesis-generating.,Common-variant locus association only; no causal-gene claim made.,Brain (hypothesis); Neurons (hypothesis),body mass index; body weight,Synaptic-vesicle candidate at an adiposity locus; causal gene remains unresolved.,GWAS candidate-target hypothesis; causal gene and intervention effect are unvalidated.,GWAS Catalog mapped adiposity locus; 4 Catalog rows across 1 distinct publications; gene assignment confidence is not equivalent to causality.,Moderate at locus level; low-to-moderate for gene causality,https://pubmed.ncbi.nlm.nih.gov/30124842/,https://www.ebi.ac.uk/gwas/rest/api/v2/studies/GCST90476466; https://www.ebi.ac.uk/gwas/rest/api/v2/studies/GCST90479521; https://www.ebi.ac.uk/gwas/rest/api/v2/studies/GCST90479522; https://www.ebi.ac.uk/gwas/rest/api/v2/studies/GCST90479523,https://www.ebi.ac.uk/gwas/; https://rest.ensembl.org; https://pubmed.ncbi.nlm.nih.gov/,2026-09-30,Moderate for locus; low for gene assignment,Bounded Catalog sample; mapped-locus annotation is not causality; omics unavailable; literature search is not systematic review.
50,COBLL1,ENSG00000082438,Emerging,Adipose Tissue Biology & Adiposity,Lipid Metabolism & Lipid Handling,41,25,6,0,5,3,2,Common-variant GWAS; candidate-gene assignment remains statistical,14 bounded Catalog association rows; 2 distinct publication IDs; traits: body fat percentage; body mass index,NR,Not assessed genome-wide; rs80328470-specific GTEx lookup returned no records (GPR75 only).,Not assessed; no compatible global pQTL dataset was queried.,Not assessed for the 50-gene panel; no compatible expression matrix supplied.,Not assessed for the 50-gene panel; mapper triage is not single-cell evidence.,GWAS Catalog mapped gene; causal gene and mechanism are not established.,Common-variant locus association only; no causal-gene claim made.,NR; NR,body fat percentage; body mass index,Body-fat/adiposity locus with a statistical mapped-gene assignment.,GWAS candidate-target hypothesis; causal gene and intervention effect are unvalidated.,GWAS Catalog mapped adiposity locus; 14 Catalog rows across 2 distinct publications; gene assignment confidence is not equivalent to causality.,Moderate at locus level; low-to-moderate for gene causality,https://pubmed.ncbi.nlm.nih.gov/26833246/; https://pubmed.ncbi.nlm.nih.gov/23754948/; https://pubmed.ncbi.nlm.nih.gov/37253881/; https://pubmed.ncbi.nlm.nih.gov/30124842/,https://www.ebi.ac.uk/gwas/rest/api/v2/studies/GCST90479522; https://www.ebi.ac.uk/gwas/rest/api/v2/studies/GCST90479523; https://www.ebi.ac.uk/gwas/rest/api/v2/studies/GCST90837564; https://www.ebi.ac.uk/gwas/rest/api/v2/studies/GCST90837565; https://www.ebi.ac.uk/gwas/rest/api/v2/studies/GCST90837566,https://www.ebi.ac.uk/gwas/; https://rest.ensembl.org; https://pubmed.ncbi.nlm.nih.gov/,2026-09-30,Moderate for locus; low for gene assignment,Bounded Catalog sample; mapped-locus annotation is not causality; omics unavailable; literature search is not systematic review.
