rank,term,pvalue,zscore,combined_score,genes,adj_pvalue,gene_count
1,G Alpha (S) Signaling Events R-HSA-418555,3.99025840397848e-09,26.01642036124795,503.1422160722155,POMC|MC4R|MC3R|ADCY9|CALCR|GIPR|PDE3B|ADCY5,9.536717585508567e-07,8
2,ADORA2B Mediated Anti-Inflammatory Cytokine Production R-HSA-9660821,3.4773769170775415e-08,26.02813203300825,447.01761569784867,POMC|MC4R|MC3R|ADCY9|CALCR|GIPR|ADCY5,4.155465415907662e-06,7
3,Anti-inflammatory Response Favoring Leishmania Infection R-HSA-9662851,1.6969519902931594e-07,20.392110685899322,317.8979553189577,POMC|MC4R|MC3R|ADCY9|CALCR|GIPR|ADCY5,1.351905085600217e-05,7
4,Leishmania Infection R-HSA-9658195,2.55670765030973e-06,13.369186046511627,172.15220388272454,POMC|MC4R|MC3R|ADCY9|CALCR|GIPR|ADCY5,0.00015276328210600635,7
5,"Synthesis, Secretion, And Inactivation Of Glucagon-like Peptide-1 (GLP-1) R-HSA-381771",1.8942018936649912e-05,70.68085106382979,768.592613095972,PCSK1|TCF7L2|LEP,0.0009054285051718657,3
6,"Incretin Synthesis, Secretion, And Inactivation R-HSA-400508",2.867422295491e-05,60.57446808510638,633.5793754459056,PCSK1|TCF7L2|LEP,0.0011421898810372484,3
7,Signal Transduction R-HSA-162582,5.8336954072110166e-05,3.683080808080808,35.907366926365995,TCF7L2|SPARC|GIPR|PDE3B|KSR2|ADCY5|POMC|RPTOR|MC4R|MC3R|ADCY9|CALCR|LEP|FGF19|PPARG|MAP2K5|SH2B1,0.0019917902890334758,17
8,Peptide Hormone Metabolism R-HSA-2980736,7.21571171107513e-05,20.32225063938619,193.80648896314605,POMC|PCSK1|TCF7L2|LEP,0.0021556938736836955,4
9,GPCR Downstream Signaling R-HSA-388396,0.00013710702471266735,6.028836411815135,53.62498504651133,POMC|MC4R|MC3R|ADCY9|CALCR|GIPR|PDE3B|ADCY5,0.0036409532118141666,8
10,Adenylate Cyclase Activating Pathway R-HSA-170660,0.00021804660985203623,118.70833333333333,1000.8064198202925,ADCY9|ADCY5,0.005211313975463665,2
11,Negative Regulation Of Activity Of TFAP2 (AP-2) Family Transcription Factors R-HSA-8866904,0.00027212309342677823,103.86458333333333,852.6509585567859,TFAP2B|KCTD15,0.005662665891810398,2
12,Signaling By GPCR R-HSA-372790,0.0002843179527268819,5.389553178099433,44.007951267304065,POMC|MC4R|MC3R|ADCY9|CALCR|GIPR|PDE3B|ADCY5,0.005662665891810398,8
13,Signaling By Leptin R-HSA-2586552,0.000332063883264561,92.31944444444444,739.4956618223716,LEP|SH2B1,0.006104866776940775,2
14,Peptide Hormone Biosynthesis R-HSA-209952,0.00039784050239185316,83.08333333333333,650.4975835514635,POMC|PCSK1,0.00679170571940378,2
15,Adenylate Cyclase Inhibitory Pathway R-HSA-170670,0.00046942457388711873,75.52651515151516,578.8354329773197,ADCY9|ADCY5,0.007479498210601425,2
16,PKA Activation In Glucagon Signaling R-HSA-164378,0.0007187392304892979,59.333333333333336,429.45537567816734,ADCY9|ADCY5,0.010736167255433887,2
17,PKA Activation R-HSA-163615,0.0008132713373134499,55.375,393.96243373102385,ADCY9|ADCY5,0.011433638212818502,2
18,Disease R-HSA-1643685,0.000947286508856257,3.3385028697032606,23.242353064489976,POMC|MC4R|MC3R|PCSK1|TCF7L2|ADCY9|CCND2|CALCR|GIPR|FGF19|KSR2|ADCY5,0.011600706697615594,12
19,Intracellular Signaling By Second Messengers R-HSA-9006925,0.0009785749682000074,7.253229974160207,50.26062722552372,RPTOR|ADCY9|FGF19|PPARG|ADCY5,0.011600706697615594,5
20,PKA-mediated Phosphorylation Of CREB R-HSA-111931,0.0010193089566942573,48.85539215686274,336.54673838088314,ADCY9|ADCY5,0.011600706697615594,2
21,"Synthesis, Secretion, And Deacylation Of Ghrelin R-HSA-422085",0.0010193089566942573,48.85539215686274,336.54673838088314,PCSK1|LEP,0.011600706697615594,2
22,Opioid Signaling R-HSA-111885,0.0013893445250705149,14.917396745932416,98.14040765115749,POMC|ADCY9|ADCY5,0.015093333704175139,3
23,Infectious Disease R-HSA-5663205,0.00246010661612434,3.7969319942037676,22.81026104230691,POMC|MC4R|MC3R|PCSK1|ADCY9|CALCR|GIPR|ADCY5,0.02556371657624858,8
24,Glucagon Signaling In Metabolic Regulation R-HSA-163359,0.0028959211173454295,27.666666666666668,161.69650653172428,ADCY9|ADCY5,0.028838547793564904,2
25,CaM Pathway R-HSA-111997,0.003077847146316263,26.772849462365592,154.84144163978604,ADCY9|ADCY5,0.029424218718783472,2
26,Ca-dependent Events R-HSA-111996,0.0034573756419477466,25.147727272727273,142.5183432834292,ADCY9|ADCY5,0.031781260708673514,2
27,Transcriptional Regulation By AP-2 (TFAP2) Family Of Transcription Factors R-HSA-8864260,0.0036549257227984208,24.40686274509804,136.96349152286243,TFAP2B|KCTD15,0.032352861027734166,2
28,FCGR3A-mediated IL10 Synthesis R-HSA-9664323,0.0040654672914765,23.04861111111111,126.88782669928547,ADCY9|ADCY5,0.03470166723796013,2
29,DAG And IP3 Signaling R-HSA-1489509,0.0042784069542198405,22.42454954954955,122.3074073504305,ADCY9|ADCY5,0.03525997455374282,2
30,Activation Of GABAB Receptors R-HSA-991365,0.0049475924537835565,20.739583333333332,110.1034239545967,ADCY9|ADCY5,0.03814434182110549,2
31,Vasopressin Regulates Renal Water Homeostasis Via Aquaporins R-HSA-432040,0.0049475924537835565,20.739583333333332,110.1034239545967,ADCY9|ADCY5,0.03814434182110549,2
32,GPER1 Signaling R-HSA-9634597,0.005180691162792406,20.232723577235774,106.48111760263689,ADCY9|ADCY5,0.03869328712210578,2
33,PI3K Cascade R-HSA-109704,0.005418765891608996,19.75,103.05327189846055,FGF19|PDE3B,0.039245001457410604,2
34,GPCR Ligand Binding R-HSA-500792,0.00559661270748535,4.782192788815306,24.79850897917929,POMC|MC4R|MC3R|CALCR|GIPR,0.03934089520849996,5
35,PLC Beta Mediated Events R-HSA-112043,0.00616259351355971,18.430555555555557,93.79784429037069,ADCY9|ADCY5,0.039807022965966776,2
36,G Alpha (Z) Signaling Events R-HSA-418597,0.00616259351355971,18.430555555555557,93.79784429037069,ADCY9|ADCY5,0.039807022965966776,2
37,IRS-mediated Signaling R-HSA-112399,0.00616259351355971,18.430555555555557,93.79784429037069,FGF19|PDE3B,0.039807022965966776,2
38,Aquaporin-mediated Transport R-HSA-445717,0.006950299465156898,17.276041666666668,85.84414194819459,ADCY9|ADCY5,0.04324906473631395,2
39,IRS-related Events Triggered By IGF1R R-HSA-2428928,0.00722250262714212,16.922619047619047,83.43788300609687,FGF19|PDE3B,0.04324906473631395,2
40,G-protein Mediated Events R-HSA-112040,0.007499481830469069,16.583333333333332,81.14094572244915,ADCY9|ADCY5,0.04324906473631395,2
41,IGF1R Signaling Cascade R-HSA-2428924,0.007499481830469069,16.583333333333332,81.14094572244915,FGF19|PDE3B,0.04324906473631395,2
42,Insulin Receptor Signaling Cascade R-HSA-74751,0.0077812124839393305,16.25735294117647,78.94640668269977,FGF19|PDE3B,0.04324906473631395,2
43,Signaling By Type 1 Insulin-like Growth Factor 1 Receptor (IGF1R) R-HSA-2404192,0.0077812124839393305,16.25735294117647,78.94640668269977,FGF19|PDE3B,0.04324906473631395,2
44,Generic Transcription Pathway R-HSA-212436,0.008851131075983306,3.0244138264442832,14.297039353864058,POMC|RPTOR|TFAP2B|TCF7L2|ZFHX3|CCND2|PPARG|KCTD15,0.04756185422050527,8
45,Neurexins And Neuroligins R-HSA-6794361,0.008955160836496808,15.071969696969697,71.07225417227201,SYT10|NRXN3,0.04756185422050527,2
46,GABA Receptor Activation R-HSA-977443,0.009570010787955807,14.541666666666666,67.6059670933825,ADCY9|ADCY5,0.04972244735481387,2
47,Regulation Of PTEN Gene Transcription R-HSA-8943724,0.010203187898195867,14.04731638418079,64.40771918587598,RPTOR|PPARG,0.051884295907847065,2
48,MECP2 Regulates Transcription Factors R-HSA-9022707,0.012438777192772534,101.76530612244898,446.4379351400606,PPARG,0.06067077038923747,1
49,Drug-mediated Inhibition Of CDK4/CDK6 Activity R-HSA-9754119,0.012438777192772534,101.76530612244898,446.4379351400606,CCND2,0.06067077038923747,1
50,Peptide Ligand-Binding Receptors R-HSA-375276,0.012959886043487254,6.534119722191599,28.396607253937994,POMC|MC4R|MC3R,0.061948255287869076,3
51,RNA Polymerase II Transcription R-HSA-73857,0.015354917192081796,2.723634238971662,11.37476683211016,POMC|RPTOR|TFAP2B|TCF7L2|ZFHX3|CCND2|PPARG|KCTD15,0.07172605150040472,8
52,Neuronal System R-HSA-112316,0.01565530292082931,4.45435920783064,18.516528796712553,ADCY9|SYT10|NRXN3|ADCY5,0.07172605150040472,4
53,Signaling By Insulin Receptor R-HSA-74752,0.01590577711096841,11.041666666666666,45.72434655376785,FGF19|PDE3B,0.07172605150040472,2
54,Inactivation Of CDC42 And RAC1 R-HSA-428543,0.017371741450283952,67.83673469387755,274.9362107684438,ROBO1,0.07414011083246187,1
55,RUNX3 Regulates CDKN1A Transcription R-HSA-8941855,0.017371741450283952,67.83673469387755,274.9362107684438,ZFHX3,0.07414011083246187,1
56,Reversal Of Alkylation Damage By DNA Dioxygenases R-HSA-73943,0.017371741450283952,67.83673469387755,274.9362107684438,FTO,0.07414011083246187,1
57,Transcriptional Regulation Of White Adipocyte Differentiation R-HSA-381340,0.018741443695737853,10.095528455284553,40.15009805248223,LEP|PPARG,0.07769130470218429,2
58,Binding Of TCF/LEF:CTNNB1 To Target Gene Promoters R-HSA-4411364,0.01982916145118511,58.142857142857146,227.9549801512961,TCF7L2,0.07769130470218429,1
59,RUNX3 Regulates WNT Signaling R-HSA-8951430,0.01982916145118511,58.142857142857146,227.9549801512961,TCF7L2,0.07769130470218429,1
60,DNA Damage Reversal R-HSA-73942,0.01982916145118511,58.142857142857146,227.9549801512961,FTO,0.07769130470218429,1
61,Role Of ABL In ROBO-SLIT Signaling R-HSA-428890,0.01982916145118511,58.142857142857146,227.9549801512961,ROBO1,0.07769130470218429,1
62,Protein-protein Interactions At Synapses R-HSA-6794362,0.020450527887125446,9.624031007751938,37.43504172973695,SYT10|NRXN3,0.07883348653262874,2
63,Class B/2 (Secretin Family Receptors) R-HSA-373080,0.022222383975626977,9.194444444444445,35.00007985571613,CALCR|GIPR,0.0832039629775179,2
64,Regulation Of Commissural Axon Pathfinding By SLIT And ROBO R-HSA-428542,0.022280559123686802,50.87244897959184,193.52086993316271,ROBO1,0.0832039629775179,1
65,Transcriptional Regulation By RUNX3 R-HSA-8878159,0.023591646713008625,8.896505376344086,33.333983109146935,TCF7L2|ZFHX3,0.08657646675301466,2
66,Glucocorticoid Biosynthesis R-HSA-194002,0.02472594881725805,45.21768707482993,167.3010120823387,POMC,0.08657646675301466,1
67,Calcitonin-like Ligand Receptors R-HSA-419812,0.02472594881725805,45.21768707482993,167.3010120823387,CALCR,0.08657646675301466,1
68,Zinc Influx Into Cells By SLC39 Gene Family R-HSA-442380,0.02472594881725805,45.21768707482993,167.3010120823387,SLC39A8,0.08657646675301466,1
69,Hedgehog Off State R-HSA-5610787,0.02499487952283687,8.6171875,31.789531066243494,ADCY9|ADCY5,0.08657646675301466,2
70,Gene Expression (Transcription) R-HSA-74160,0.026239725609291723,2.4465814084134694,8.906732574275708,POMC|RPTOR|TFAP2B|TCF7L2|ZFHX3|CCND2|PPARG|KCTD15,0.08958992029458174,8
71,Androgen Biosynthesis R-HSA-193048,0.027165344857992397,40.69387755102041,146.73452100035948,POMC,0.09017385307028032,1
72,Unwinding Of DNA R-HSA-176974,0.027165344857992397,40.69387755102041,146.73452100035948,MCM6,0.09017385307028032,1
73,Integration Of Energy Metabolism R-HSA-163685,0.0283980432384044,8.028721682847896,28.593770697553435,ADCY9|ADCY5,0.09297441553395415,2
74,PIP3 Activates AKT Signaling R-HSA-1257604,0.02937297517043508,4.741469289441991,16.726387517431146,RPTOR|FGF19|PPARG,0.09308031598643153,3
75,Activation Of RAC1 R-HSA-428540,0.029598761568907096,36.99257884972171,130.2147194065139,ROBO1,0.09308031598643153,1
76,Activation Of TFAP2 (AP-2) Family Of Transcription Factors R-HSA-8866907,0.029598761568907096,36.99257884972171,130.2147194065139,TFAP2B,0.09308031598643153,1
77,"Synthesis, Secretion, And Inactivation Of Glucose-dependent Insulinotropic Polypeptide (GIP) R-HSA-400511",0.03202621324876303,33.90816326530612,116.6847899929619,PCSK1,0.09813160213403031,1
78,TFAP2 (AP-2) Family Regulates Transcription Of Growth Factors And Their Receptors R-HSA-8866910,0.03202621324876303,33.90816326530612,116.6847899929619,TFAP2B,0.09813160213403031,1
79,FGFR4 Ligand Binding And Activation R-HSA-190322,0.034447714169871156,31.298273155416013,105.4223689491126,FGF19,0.10291254608249008,1
80,Repression Of WNT Target Genes R-HSA-4641265,0.034447714169871156,31.298273155416013,105.4223689491126,TCF7L2,0.10291254608249008,1
81,Signaling By Receptor Tyrosine Kinases R-HSA-9006934,0.035114594357139636,3.4390243902439024,11.51776878585794,SPARC|FGF19|PDE3B|MAP2K5,0.10360972902909102,4
82,Phospholipase C-mediated Cascade; FGFR4 R-HSA-5654228,0.03686327859360632,29.06122448979592,95.91771596133705,FGF19,0.10614847691411941,1
83,Prolactin Receptor Signaling R-HSA-1170546,0.03686327859360632,29.06122448979592,95.91771596133705,SH2B1,0.10614847691411941,1
84,Aberrant Regulation Of Mitotic G1/S Transition In Cancer Due To RB1 Defects R-HSA-9659787,0.04167665479123348,25.426020408163264,80.79916728086499,CCND2,0.11449104017361841,1
85,Formation Of Senescence-Associated Heterochromatin Foci (SAHF) R-HSA-2559584,0.04167665479123348,25.426020408163264,80.79916728086499,HMGA2,0.11449104017361841,1
86,Zinc Transporters R-HSA-435354,0.04167665479123348,25.426020408163264,80.79916728086499,SLC39A8,0.11449104017361841,1
87,Regulation Of RUNX1 Expression And Activity R-HSA-8934593,0.04167665479123348,25.426020408163264,80.79916728086499,CCND2,0.11449104017361841,1
88,G Alpha (I) Signaling Events R-HSA-418594,0.04303570813232823,4.05721958273084,12.762897421682569,POMC|ADCY9|ADCY5,0.11688107095030054,3
89,Signaling By Hedgehog R-HSA-5358351,0.04488006324931198,6.208333333333333,19.26918665258641,ADCY9|ADCY5,0.12052061928747825,2
90,SHC-mediated cascade:FGFR4 R-HSA-5654719,0.04646645529524364,22.598639455782312,69.35578082800635,FGF19,0.12203827269849703,1
91,SUMOylation Of Transcription Factors R-HSA-3232118,0.04646645529524364,22.598639455782312,69.35578082800635,TFAP2B,0.12203827269849703,1
92,PTEN Regulation R-HSA-6807070,0.04729227939443079,6.025851581508515,18.3873330672393,RPTOR|PPARG,0.1228571171224887,2
93,Class A/1 (Rhodopsin-like Receptors) R-HSA-373076,0.0483091438466515,3.8664302600472813,11.715803423728998,POMC|MC4R|MC3R,0.12414930515429794,3
94,PI-3K cascade:FGFR4 R-HSA-5654720,0.04885254998202776,21.408163265306122,64.63014669364038,FGF19,0.12421020686919823,1
95,FRS-mediated FGFR4 Signaling R-HSA-5654712,0.0512327930672156,20.336734693877553,60.42807445408675,FGF19,0.1288909215059424,1
96,Mitotic G1 Phase And G1/S Transition R-HSA-453279,0.05225590275475163,5.691091954022989,16.797840801779476,CCND2|MCM6,0.1300954245665171,2
97,G-protein Activation R-HSA-202040,0.05833855301300996,17.68145519077196,50.24171555062859,POMC,0.1408375168697917,1
98,Growth Hormone Receptor Signaling R-HSA-982772,0.05833855301300996,17.68145519077196,50.24171555062859,SH2B1,0.1408375168697917,1
99,mTORC1-mediated Signaling R-HSA-166208,0.05833855301300996,17.68145519077196,50.24171555062859,RPTOR,0.1408375168697917,1
100,Metal Ion SLC Transporters R-HSA-425410,0.06304672495404354,16.26530612244898,44.95534064809558,SLC39A8,0.14918977489125154,1
101,Downstream Signaling Of Activated FGFR4 R-HSA-5654716,0.06304672495404354,16.26530612244898,44.95534064809558,FGF19,0.14918977489125154,1
102,Insulin Processing R-HSA-264876,0.06539215225886762,15.638932496075354,42.652889831563165,PCSK1,0.15173518825115884,1
103,Endogenous Sterols R-HSA-211976,0.06539215225886762,15.638932496075354,42.652889831563165,POMC,0.15173518825115884,1
104,SUMO E3 Ligases SUMOylate Target Proteins R-HSA-3108232,0.06611066112640171,4.965863453815261,13.48939691018369,TFAP2B|PPARG,0.15192738470394238,2
105,"Adrenaline,noradrenaline Inhibits Insulin Secretion R-HSA-400042",0.0677318256109869,15.058956916099774,40.541710435272364,ADCY5,0.15268404436564043,1
106,"FOXO-mediated Transcription Of Oxidative Stress, Metabolic And Neuronal Genes R-HSA-9615017",0.07006575883720893,14.520408163265307,38.5999069065122,POMC,0.15268404436564043,1
107,SUMOylation Of Intracellular Receptors R-HSA-4090294,0.07006575883720893,14.520408163265307,38.5999069065122,PPARG,0.15268404436564043,1
108,Myogenesis R-HSA-525793,0.07006575883720893,14.520408163265307,38.5999069065122,TCF7L2,0.15268404436564043,1
109,Energy Dependent Regulation Of mTOR By LKB1-AMPK R-HSA-380972,0.07006575883720893,14.520408163265307,38.5999069065122,RPTOR,0.15268404436564043,1
110,SUMOylation R-HSA-2990846,0.07027299113062949,4.791182170542636,12.722350612514175,TFAP2B|PPARG,0.15268404436564043,2
111,DNA Strand Elongation R-HSA-69190,0.07471646000262763,13.551020408163266,35.15209038871121,MCM6,0.15943958875560718,1
112,Negative Regulation Of FGFR4 Signaling R-HSA-5654733,0.07471646000262763,13.551020408163266,35.15209038871121,FGF19,0.15943958875560718,1
113,Neurotransmitter Receptors And Postsynaptic Signal Transmission R-HSA-112314,0.07595327125893173,4.576388888888889,11.79626923326343,ADCY9|ADCY5,0.16009520042114156,2
114,Activation Of Pre-Replicative Complex R-HSA-68962,0.07703325543276686,13.113232389730086,33.61600807740255,MCM6,0.16009520042114156,1
115,Nuclear Signaling By ERBB4 R-HSA-1251985,0.07703325543276686,13.113232389730086,33.61600807740255,SPARC,0.16009520042114156,1
116,Signaling By High-Kinase Activity BRAF Mutants R-HSA-6802948,0.0793443657059371,12.70280612244898,32.18837516559274,KSR2,0.16070596104846582,1
117,Glucagon-type Ligand Receptors R-HSA-420092,0.0793443657059371,12.70280612244898,32.18837516559274,GIPR,0.16070596104846582,1
118,Signaling By WNT In Cancer R-HSA-4791275,0.0793443657059371,12.70280612244898,32.18837516559274,TCF7L2,0.16070596104846582,1
119,Metabolism Of Steroid Hormones R-HSA-196071,0.08394958536129378,11.95438175270108,29.617445035780882,POMC,0.16860462942310264,1
120,Aberrant Regulation Of Mitotic Cell Cycle Due To RB1 Defects R-HSA-9687139,0.08624372197430759,11.612244897959183,28.456712045041098,CCND2,0.16895286517917635,1
121,Activation Of ATR In Response To Replication Stress R-HSA-176187,0.08624372197430759,11.612244897959183,28.456712045041098,MCM6,0.16895286517917635,1
122,HSF1-dependent Transactivation R-HSA-3371571,0.08624372197430759,11.612244897959183,28.456712045041098,RPTOR,0.16895286517917635,1
123,MAP2K And MAPK Activation R-HSA-5674135,0.08853222789026767,11.289115646258503,27.36920368672352,KSR2,0.17202603630710547,1
124,Diseases Of Signal Transduction By Growth Factor Receptors And Second Messengers R-HSA-5663202,0.08945010090389559,2.9608834082983777,7.14779266260659,TCF7L2|FGF19|KSR2,0.17226041964200228,3
125,Diseases Of Mitotic Cell Cycle R-HSA-9675126,0.09081511663134849,10.983452840595698,26.34852930034076,CCND2,0.17226041964200228,1
126,Signaling By RAF1 Mutants R-HSA-9656223,0.09081511663134849,10.983452840595698,26.34852930034076,KSR2,0.17226041964200228,1
127,Transcriptional Regulation By VENTX R-HSA-8853884,0.09309240170465724,10.693877551020408,25.38900533231373,TCF7L2,0.1751896378536463,1
128,Signaling By FGFR4 R-HSA-5654743,0.09536409657552716,10.419152276295133,24.485561288951835,FGF19,0.17676985840651205,1
129,Metabolism Of Proteins R-HSA-392499,0.09543624581356674,1.8286523961337988,4.296047291182976,POMC|TFAP2B|SEC16B|PCSK1|TCF7L2|NEGR1|LEP|PPARG,0.17676985840651205,8
130,Paradoxical Activation Of RAF Signaling By Kinase Inactive BRAF R-HSA-6802955,0.09763021468476817,10.158163265306122,23.633660200289185,KSR2,0.17676985840651205,1
131,Binding And Uptake Of Ligands By Scavenger Receptors R-HSA-2173782,0.09763021468476817,10.158163265306122,23.633660200289185,SPARC,0.17676985840651205,1
132,MTOR Signaling R-HSA-165159,0.09763021468476817,10.158163265306122,23.633660200289185,RPTOR,0.17676985840651205,1
133,Transport Of Small Molecules R-HSA-382551,0.09938244847814774,2.384243775548123,5.504693761346629,ADCY9|SLC39A8|ANO4|ADCY5,0.17684365854378026,4
134,Glucagon-like Peptide-1 (GLP1) Regulates Insulin Secretion R-HSA-381676,0.09989076947033614,9.909905425584869,22.829231064333683,ADCY5,0.17684365854378026,1
135,Deactivation Of Beta-Catenin Transactivating Complex R-HSA-3769402,0.09989076947033614,9.909905425584869,22.829231064333683,TCF7L2,0.17684365854378026,1
136,Heme Signaling R-HSA-9707616,0.10663918735293466,9.232838589981448,20.665901611884028,CRTC1,0.1874026895393484,1
137,Cyclin D Associated Events In G1 R-HSA-69231,0.11111056030365549,8.830523513753327,19.402687070536402,CCND2,0.19383521104068366,1
138,Netrin-1 Signaling R-HSA-373752,0.11555999902224065,8.46173469387755,18.260130793597916,ROBO1,0.2001365200457646,1
139,Transcriptional Activation Of Mitochondrial Biogenesis R-HSA-2151201,0.12219326087078625,7.9627851140456185,16.738979733033663,CRTC1,0.21010208164113606,1
140,Nuclear Receptor Transcription Pathway R-HSA-383280,0.12439349491287167,7.8092621664050235,16.276887238960814,PPARG,0.2123574663155452,1
141,Transmission Across Chemical Synapses R-HSA-112315,0.12589722864430564,3.3650956284153004,6.973451834282437,ADCY9|ADCY5,0.2134002669928301,2
142,Amino Acids Regulate mTORC1 R-HSA-9639288,0.12877776139221664,7.519274376417234,15.412009607623004,RPTOR,0.2152299648443341,1
143,ECM Proteoglycans R-HSA-3000178,0.12877776139221664,7.519274376417234,15.412009607623004,SPARC,0.2152299648443341,1
144,Signaling By ERBB4 R-HSA-1236394,0.13314051228520932,7.25,14.618539131965724,SPARC,0.2209762669178127,1
145,Formation Of beta-catenin:TCF Transactivating Complex R-HSA-201722,0.13964452305344063,6.88031822898651,13.544974303558986,TCF7L2,0.22859617129981036,1
146,Transcriptional Regulation By MECP2 R-HSA-8986944,0.13964452305344063,6.88031822898651,13.544974303558986,PPARG,0.22859617129981036,1
147,Ca2+ Pathway R-HSA-4086398,0.1418018805927374,6.76530612244898,13.214837540593157,TCF7L2,0.2289908747409746,1
148,DNA Damage/Telomere Stress Induced Senescence R-HSA-2559586,0.1418018805927374,6.76530612244898,13.214837540593157,HMGA2,0.2289908747409746,1
149,Signaling By BRAF And RAF1 Fusions R-HSA-6802952,0.14395393646955568,6.654064904650385,12.897320592663672,KSR2,0.23090597863237455,1
150,RAF/MAP Kinase Cascade R-HSA-5673001,0.1471093354764479,3.0484820322180917,5.842657223789323,FGF19|KSR2,0.23439420785914028,2
151,FOXO-mediated Transcription R-HSA-9614085,0.15037842149138922,6.341198979591836,12.01403781811508,POMC,0.2364502811608028,1
152,Cytochrome P450 - Arranged By Substrate Type R-HSA-211897,0.15037842149138922,6.341198979591836,12.01403781811508,POMC,0.2364502811608028,1
153,MAPK1/MAPK3 Signaling R-HSA-5684996,0.15230784727377386,2.981060606060606,5.609913359099665,FGF19|KSR2,0.236686663092044,2
154,COPII-mediated Vesicle Transport R-HSA-204005,0.15250939797562668,6.243328100470958,11.740759916332207,SEC16B,0.236686663092044,1
155,Orc1 Removal From Chromatin R-HSA-68949,0.15887094888113906,5.966986794717887,10.977245117600177,MCM6,0.24184813237319897,1
156,Glycolysis R-HSA-70171,0.15887094888113906,5.966986794717887,10.977245117600177,GNPDA2,0.24184813237319897,1
157,Circadian Clock R-HSA-400253,0.15887094888113906,5.966986794717887,10.977245117600177,CRTC1,0.24184813237319897,1
158,Regulation Of Insulin Secretion R-HSA-422356,0.1756071809118701,5.336734693877551,9.283280446293812,ADCY5,0.2654037123729809,1
159,Oncogenic MAPK Signaling R-HSA-6802957,0.17767612543797884,5.267161410018553,9.10056411919043,KSR2,0.2654037123729809,1
160,Constitutive Signaling By Aberrant PI3K In Cancer R-HSA-2219530,0.17767612543797884,5.267161410018553,9.10056411919043,FGF19,0.2654037123729809,1
161,TP53 Regulates Metabolic Genes R-HSA-5628897,0.18385247549919195,5.0688775510204085,8.584760541358477,RPTOR,0.2729238611447632,1
162,MAPK Family Signaling Cascades R-HSA-5683057,0.18870910618980305,2.5888713080168775,4.317068648307847,FGF19|KSR2,0.2784041751812526,2
163,Degradation Of Beta-Catenin By Destruction Complex R-HSA-195253,0.1899833569114356,4.884927464961889,8.112979399077096,TCF7L2,0.2785645539989761,1
164,"Transport Of Bile Salts And Organic Acids, Metal Ions And Amine Compounds R-HSA-425366",0.19404551285483848,4.769507803121249,7.820383303288144,SLC39A8,0.28107198528670546,1
165,Signaling By FGFR R-HSA-190236,0.19404551285483848,4.769507803121249,7.820383303288144,FGF19,0.28107198528670546,1
166,Glucose Metabolism R-HSA-70326,0.20010134077429026,4.6062152133580705,7.411084001248333,GNPDA2,0.2846679788396153,1
167,RAB GEFs Exchange GTP For GDP On RABs R-HSA-8876198,0.20010134077429026,4.6062152133580705,7.411084001248333,ANKRD27,0.2846679788396153,1
168,Mitochondrial Biogenesis R-HSA-1592230,0.20010134077429026,4.6062152133580705,7.411084001248333,CRTC1,0.2846679788396153,1
169,Switching Of Origins To A Post-Replicative State R-HSA-69052,0.20211002319239676,4.55423068103646,7.281955543769811,MCM6,0.2858242339821469,1
170,HCMV Late Events R-HSA-9610379,0.20411376209311863,4.503401360544218,7.156255051106618,PCSK1,0.2869599361191491,1
171,Post-translational Modification: Synthesis Of GPI-anchored Proteins R-HSA-163125,0.20611256943631576,4.453689167974883,7.03385741012878,NEGR1,0.28807546254549393,1
172,Vesicle-mediated Transport R-HSA-5653656,0.21281786745617723,1.9446942747835425,3.009061547678331,SEC16B|ANKRD27|SPARC,0.29571785070945555,3
173,HCMV Early Events R-HSA-9609690,0.2140587201245348,4.26530612244898,6.5749903239841245,PCSK1,0.295722740518866,1
174,Cellular Response To Heat Stress R-HSA-3371556,0.2199671313012003,4.134110787172012,6.26018948804807,RPTOR,0.30213876081026936,1
175,Stimuli-sensing Channels R-HSA-2672351,0.22192691156038513,4.092145949288806,6.1603458876211565,ANO4,0.30308875350246883,1
176,Phase I - Functionalization Of Compounds R-HSA-211945,0.22971789307458146,3.932435109966317,5.78423168094792,POMC,0.3119464570728691,1
177,PI3K/AKT Signaling In Cancer R-HSA-2219528,0.23165366154685363,3.8944270015698588,5.6956456810845415,FGF19,0.312797881975695,1
178,"PI5P, PP2A And IER3 Regulate PI3K/AKT Signaling R-HSA-6811558",0.2335846623503299,3.857142857142857,5.6090983677319475,FGF19,0.3136333387737576,1
179,Interleukin-4 And Interleukin-13 Signaling R-HSA-6785807,0.23551090700841826,3.8205621871390067,5.524525481436682,POMC,0.3144531104749272,1
180,Assembly Of Pre-Replicative Complex R-HSA-68867,0.24126121869049608,3.714847406852649,5.282048795926194,MCM6,0.32034128481682533,1
181,Negative Regulation Of PI3K/AKT Network R-HSA-199418,0.2469691364760274,3.614795918367347,5.055262825364014,FGF19,0.3250170244713648,1
182,Macroautophagy R-HSA-1632852,0.24886240785882746,3.582625970742279,4.982913653406146,RPTOR,0.3250170244713648,1
183,Signaling By NTRK1 (TRKA) R-HSA-187037,0.24886240785882746,3.582625970742279,4.982913653406146,MAP2K5,0.3250170244713648,1
184,PPARA Activates Gene Expression R-HSA-1989781,0.25263496658997786,3.5199645075421473,4.8428011439058265,PPARG,0.32815085334241695,1
185,Regulation Of Lipid Metabolism By PPARalpha R-HSA-400206,0.2563889548341396,3.4594453165881736,4.708511372057024,PPARG,0.3312268119208614,1
186,Synthesis Of DNA R-HSA-69239,0.25825901303237825,3.429955032860602,4.6434466139665425,MCM6,0.33184894685343225,1
187,HCMV Infection R-HSA-9609646,0.26198531339212133,3.372448979591837,4.517283552621874,PCSK1,0.33483684438886097,1
188,Rab Regulation Of Trafficking R-HSA-9007101,0.26384157776351647,3.3444088379153314,4.456111874258477,ANKRD27,0.33541562279510867,1
189,Platelet Degranulation R-HSA-114608,0.2693829605231016,3.263001974983542,4.279822783786303,SPARC,0.33917304634212136,1
190,Cellular Responses To Stress R-HSA-2262752,0.2696354761715609,1.7072470630012133,2.237661956571597,RPTOR|CRTC1|HMGA2,0.33917304634212136,3
191,DNA Replication Pre-Initiation R-HSA-69002,0.2730544838638846,3.2108843537414966,4.167997377843627,MCM6,0.34134610134767296,1
192,Autophagy R-HSA-9612973,0.27488345891042104,3.1854411055760887,4.113704308580095,RPTOR,0.34134610134767296,1
193,G1/S Transition R-HSA-69206,0.2767079241059198,3.1603954081632653,4.060453122404681,MCM6,0.34134610134767296,1
194,Response To Elevated Platelet Cytosolic Ca2+ R-HSA-76005,0.2785278903472666,3.135738016136687,4.008216604624779,SPARC,0.34134610134767296,1
195,Cellular Responses To Stimuli R-HSA-8953897,0.2791956307605154,1.673420220022641,2.1350207330431257,RPTOR|CRTC1|HMGA2,0.34134610134767296,3
196,Developmental Biology R-HSA-1266738,0.27993236763240126,1.535852279659983,1.9554582561010412,TCF7L2|LEP|PPARG|ROBO1,0.34134610134767296,4
197,Signaling By NTRKs R-HSA-166520,0.28215436939905053,3.087552578283222,3.906683206158155,MAP2K5,0.3423091080526552,1
198,ER To Golgi Anterograde Transport R-HSA-199977,0.28396090387727224,3.0640074211502784,3.857336278341556,SEC16B,0.34276088902357604,1
199,Factors Involved In Megakaryocyte Development And Platelet Production R-HSA-983231,0.289353816496661,2.99546485260771,3.7146911242229477,SH2B1,0.3475153876517687,1
200,Beta-catenin Independent WNT Signaling R-HSA-3858494,0.30002049698269956,2.8671298306556667,3.4517504575709377,TCF7L2,0.358524493894326,1
201,G2/M Checkpoints R-HSA-69481,0.3105302270346101,2.749271137026239,3.215201203875706,MCM6,0.36923743413568066,1
202,Cellular Response To Starvation R-HSA-9711097,0.3191700762858281,2.6581632653061225,3.0357052873752,RPTOR,0.37577166616902913,1
203,Metabolism Of Steroids R-HSA-8957322,0.3191700762858281,2.6581632653061225,3.0357052873752,POMC,0.37577166616902913,1
204,DNA Replication R-HSA-69306,0.3225962281219006,2.6233766233766236,2.9679671260643183,MCM6,0.37794362020163846,1
205,S Phase R-HSA-69242,0.33277361941321715,2.524234693877551,2.7773973646136283,MCM6,0.38796534165736046,1
206,Transport To Golgi And Subsequent Modification R-HSA-948021,0.33780596912127225,2.4774007762614247,2.6886824434754057,SEC16B,0.39192051757273816,1
207,Cellular Senescence R-HSA-2559583,0.33947513864042045,2.4621702339472376,2.6600168495918335,HMGA2,0.3919543871258961,1
208,Regulation Of Expression Of SLITs And ROBOs R-HSA-9010553,0.34280111726084433,2.432259650848291,2.603988937414043,ROBO1,0.3938916683910663,1
209,Ion Channel Transport R-HSA-983712,0.3559416811668189,2.319493314567206,2.396009637948729,ANO4,0.40703378851133837,1
210,"Cell Cycle, Mitotic R-HSA-69278",0.37739059593317786,1.5538227767114523,1.5141607734817428,CCND2|MCM6,0.42950644013347383,2
211,TCF Dependent Signaling In Response To WNT R-HSA-201681,0.39230309216925463,2.0463068476121413,1.914771355908193,TCF7L2,0.444362270277023,1
212,Transcriptional Regulation By RUNX1 R-HSA-8878171,0.4014529010595411,1.9852216748768472,1.8118424588650803,CCND2,0.45258133657184113,1
213,Signaling By ROBO Receptors R-HSA-376176,0.4089744952578169,1.9370094191522762,1.731884932549588,ROBO1,0.4588962646320105,1
214,Biological Oxidations R-HSA-211859,0.4222806321196029,1.8558262014483213,1.5998802666710514,POMC,0.4716124816662855,1
215,Hemostasis R-HSA-109582,0.42426291384324044,1.4065040650406504,1.2059393085001608,SPARC|SH2B1,0.4716224949234162,2
216,Membrane Trafficking R-HSA-199991,0.44406667954999707,1.3507118927973198,1.096481641415264,SEC16B|ANKRD27,0.491351557465043,2
217,Post-translational Protein Modification R-HSA-597592,0.4578129225009632,1.1710439196645333,0.914930342870806,TFAP2B|SEC16B|NEGR1|PPARG,0.5042271358420747,4
218,SLC-mediated Transmembrane Transport R-HSA-425407,0.46318980775559543,1.6346441015430562,1.2580521076231914,SLC39A8,0.5054902468200334,1
219,Diseases Of Metabolism R-HSA-5668914,0.46318980775559543,1.6346441015430562,1.2580521076231914,POMC,0.5054902468200334,1
220,"Platelet Activation, Signaling And Aggregation R-HSA-76002",0.47263093247194377,1.5888521416471728,1.190750087334849,SPARC,0.5134490584581571,1
221,Cell Cycle R-HSA-1640170,0.4899086972739363,1.233256646216769,0.8799733070079875,CCND2|MCM6,0.5298107631152523,2
222,Cell Cycle Checkpoints R-HSA-69620,0.49488711549796544,1.4875283446712018,1.0463655063477424,MCM6,0.5327838765946565,1
223,Organelle Biogenesis And Maintenance R-HSA-1852241,0.49998856915552436,1.4655146730224937,1.0158508681983662,CRTC1,0.5358621884671315,1
224,Asparagine N-linked Glycosylation R-HSA-446203,0.5087948856955653,1.4284988016558937,0.9652513805376299,SEC16B,0.5428659717912505,1
225,Metabolism Of Carbohydrates R-HSA-71387,0.5125223241050746,1.4131934463926417,0.9445940583889512,GNPDA2,0.5444126020493903,1
226,Extracellular Matrix Organization R-HSA-1474244,0.5198942318742421,1.3835327234342012,0.9050101058907942,SPARC,0.549799652291787,1
227,Signaling By WNT R-HSA-195721,0.5235391037893891,1.3691579020686773,0.8860417115990589,TCF7L2,0.5512151797606343,1
228,Cytokine Signaling In Immune System R-HSA-1280215,0.5280126753304555,1.1458333333333333,0.7317692585228913,POMC|SH2B1,0.5534869710700827,2
229,Antigen Processing: Ubiquitination And Proteasome Degradation R-HSA-983168,0.5390226676158546,1.3101240496198479,0.8096535891291086,UBR2,0.5625607753720056,1
230,DNA Repair R-HSA-73894,0.5425251558593591,1.2972062611452349,0.7932686422257892,FTO,0.5637544010886384,1
231,Metabolism Of Lipids R-HSA-556833,0.5508699924586834,1.0970319634703196,0.6541123797094414,POMC|PPARG,0.5699477411152611,2
232,Transcriptional Regulation By TP53 R-HSA-3700989,0.5909956578792304,1.1329710354396716,0.5958822738188654,RPTOR,0.6066273311413846,1
233,Metabolism R-HSA-1430728,0.5913981931210988,0.9733637747336378,0.5112746306008601,POMC|ADCY9|GNPDA2|PPARG|ADCY5,0.6066273311413846,5
234,Class I MHC Mediated Antigen Processing And Presentation R-HSA-983169,0.615274113971147,1.0595463649650843,0.5146083156852507,UBR2,0.6284209967483082,1
235,Signaling By Interleukins R-HSA-449147,0.682393344220822,0.8803503702365902,0.3364250456263476,POMC,0.6940085500798998,1
236,Axon Guidance R-HSA-422475,0.7318645412632853,0.7655819084390513,0.2389839222664994,ROBO1,0.7411679040759541,1
237,Nervous System Development R-HSA-9675108,0.7492059134945512,0.728016206482593,0.21020842986820043,ROBO1,0.7555283262666571,1
238,Adaptive Immune System R-HSA-1280218,0.845760779673637,0.5357979257276682,0.0897561857533202,UBR2,0.8493143963949549,1
239,Immune System R-HSA-168256,0.8761797813434408,0.5925641588067558,0.07832748847698268,POMC|UBR2|SH2B1,0.8761797813434408,3
