Gene Symbol,Association Score,Functional Score,Omics Score,Literature Score,Causal Score,Novelty Score,Overall Score,Score Rationale,Evidence Count,Independent Evidence Count,Confidence
GPR75,40,17,0,10,10,1,78,Association is capped for mapped loci unless strong human gene-level evidence exists; functional score reflects curated mechanistic support; Omics=0 because no comparable global omics evidence was obtained; literature reflects evidence quality rather than count alone; omics points require directly retrieved tissue-resolved data (ZFHX3 only in this run); causal score distinguishes rare/Mendelian support from GWAS mapping; novelty rewards emerging opportunity but cannot offset weak biology. Distinct PMIDs are counted as publication groups; cohort independence between papers was not systematically verified.,7,4,High
MC4R,40,18,0,8,9,1,76,Association is capped for mapped loci unless strong human gene-level evidence exists; functional score reflects curated mechanistic support; Omics=0 because no comparable global omics evidence was obtained; literature reflects evidence quality rather than count alone; omics points require directly retrieved tissue-resolved data (ZFHX3 only in this run); causal score distinguishes rare/Mendelian support from GWAS mapping; novelty rewards emerging opportunity but cannot offset weak biology. Distinct PMIDs are counted as publication groups; cohort independence between papers was not systematically verified.,5,5,High
LEP,37,18,0,8,9,1,73,Association is capped for mapped loci unless strong human gene-level evidence exists; functional score reflects curated mechanistic support; Omics=0 because no comparable global omics evidence was obtained; literature reflects evidence quality rather than count alone; omics points require directly retrieved tissue-resolved data (ZFHX3 only in this run); causal score distinguishes rare/Mendelian support from GWAS mapping; novelty rewards emerging opportunity but cannot offset weak biology. Distinct PMIDs are counted as publication groups; cohort independence between papers was not systematically verified.,3,3,High
LEPR,37,18,0,8,9,1,73,Association is capped for mapped loci unless strong human gene-level evidence exists; functional score reflects curated mechanistic support; Omics=0 because no comparable global omics evidence was obtained; literature reflects evidence quality rather than count alone; omics points require directly retrieved tissue-resolved data (ZFHX3 only in this run); causal score distinguishes rare/Mendelian support from GWAS mapping; novelty rewards emerging opportunity but cannot offset weak biology. Distinct PMIDs are counted as publication groups; cohort independence between papers was not systematically verified.,3,3,High
POMC,36,18,0,8,9,1,72,Association is capped for mapped loci unless strong human gene-level evidence exists; functional score reflects curated mechanistic support; Omics=0 because no comparable global omics evidence was obtained; literature reflects evidence quality rather than count alone; omics points require directly retrieved tissue-resolved data (ZFHX3 only in this run); causal score distinguishes rare/Mendelian support from GWAS mapping; novelty rewards emerging opportunity but cannot offset weak biology. Distinct PMIDs are counted as publication groups; cohort independence between papers was not systematically verified.,3,3,High
PPARG,34,18,0,8,7,1,68,Association is capped for mapped loci unless strong human gene-level evidence exists; functional score reflects curated mechanistic support; Omics=0 because no comparable global omics evidence was obtained; literature reflects evidence quality rather than count alone; omics points require directly retrieved tissue-resolved data (ZFHX3 only in this run); causal score distinguishes rare/Mendelian support from GWAS mapping; novelty rewards emerging opportunity but cannot offset weak biology. Distinct PMIDs are counted as publication groups; cohort independence between papers was not systematically verified.,7,6,Moderate for locus; low for gene assignment
FTO,38,15,0,8,5,1,67,Association is capped for mapped loci unless strong human gene-level evidence exists; functional score reflects curated mechanistic support; Omics=0 because no comparable global omics evidence was obtained; literature reflects evidence quality rather than count alone; omics points require directly retrieved tissue-resolved data (ZFHX3 only in this run); causal score distinguishes rare/Mendelian support from GWAS mapping; novelty rewards emerging opportunity but cannot offset weak biology. Distinct PMIDs are counted as publication groups; cohort independence between papers was not systematically verified.,9,5,Moderate for locus; low for gene assignment
SH2B1,35,15,0,8,8,1,67,Association is capped for mapped loci unless strong human gene-level evidence exists; functional score reflects curated mechanistic support; Omics=0 because no comparable global omics evidence was obtained; literature reflects evidence quality rather than count alone; omics points require directly retrieved tissue-resolved data (ZFHX3 only in this run); causal score distinguishes rare/Mendelian support from GWAS mapping; novelty rewards emerging opportunity but cannot offset weak biology. Distinct PMIDs are counted as publication groups; cohort independence between papers was not systematically verified.,7,4,Moderate
PCSK1,34,15,0,8,8,1,66,Association is capped for mapped loci unless strong human gene-level evidence exists; functional score reflects curated mechanistic support; Omics=0 because no comparable global omics evidence was obtained; literature reflects evidence quality rather than count alone; omics points require directly retrieved tissue-resolved data (ZFHX3 only in this run); causal score distinguishes rare/Mendelian support from GWAS mapping; novelty rewards emerging opportunity but cannot offset weak biology. Distinct PMIDs are counted as publication groups; cohort independence between papers was not systematically verified.,3,3,High
ADCY3,34,14,0,8,8,1,65,Association is capped for mapped loci unless strong human gene-level evidence exists; functional score reflects curated mechanistic support; Omics=0 because no comparable global omics evidence was obtained; literature reflects evidence quality rather than count alone; omics points require directly retrieved tissue-resolved data (ZFHX3 only in this run); causal score distinguishes rare/Mendelian support from GWAS mapping; novelty rewards emerging opportunity but cannot offset weak biology. Distinct PMIDs are counted as publication groups; cohort independence between papers was not systematically verified.,5,4,Moderate
GIPR,34,15,0,8,6,1,64,Association is capped for mapped loci unless strong human gene-level evidence exists; functional score reflects curated mechanistic support; Omics=0 because no comparable global omics evidence was obtained; literature reflects evidence quality rather than count alone; omics points require directly retrieved tissue-resolved data (ZFHX3 only in this run); causal score distinguishes rare/Mendelian support from GWAS mapping; novelty rewards emerging opportunity but cannot offset weak biology. Distinct PMIDs are counted as publication groups; cohort independence between papers was not systematically verified.,8,5,Moderate for locus; low for gene assignment
BDNF,32,15,0,8,8,1,64,Association is capped for mapped loci unless strong human gene-level evidence exists; functional score reflects curated mechanistic support; Omics=0 because no comparable global omics evidence was obtained; literature reflects evidence quality rather than count alone; omics points require directly retrieved tissue-resolved data (ZFHX3 only in this run); causal score distinguishes rare/Mendelian support from GWAS mapping; novelty rewards emerging opportunity but cannot offset weak biology. Distinct PMIDs are counted as publication groups; cohort independence between papers was not systematically verified.,6,4,Moderate
SIM1,32,15,0,8,8,1,64,Association is capped for mapped loci unless strong human gene-level evidence exists; functional score reflects curated mechanistic support; Omics=0 because no comparable global omics evidence was obtained; literature reflects evidence quality rather than count alone; omics points require directly retrieved tissue-resolved data (ZFHX3 only in this run); causal score distinguishes rare/Mendelian support from GWAS mapping; novelty rewards emerging opportunity but cannot offset weak biology. Distinct PMIDs are counted as publication groups; cohort independence between papers was not systematically verified.,4,4,Moderate
TCF7L2,33,15,0,8,5,1,62,Association is capped for mapped loci unless strong human gene-level evidence exists; functional score reflects curated mechanistic support; Omics=0 because no comparable global omics evidence was obtained; literature reflects evidence quality rather than count alone; omics points require directly retrieved tissue-resolved data (ZFHX3 only in this run); causal score distinguishes rare/Mendelian support from GWAS mapping; novelty rewards emerging opportunity but cannot offset weak biology. Distinct PMIDs are counted as publication groups; cohort independence between papers was not systematically verified.,9,6,Moderate for locus; low for gene assignment
KSR2,27,13,0,8,7,1,56,Association is capped for mapped loci unless strong human gene-level evidence exists; functional score reflects curated mechanistic support; Omics=0 because no comparable global omics evidence was obtained; literature reflects evidence quality rather than count alone; omics points require directly retrieved tissue-resolved data (ZFHX3 only in this run); causal score distinguishes rare/Mendelian support from GWAS mapping; novelty rewards emerging opportunity but cannot offset weak biology. Distinct PMIDs are counted as publication groups; cohort independence between papers was not systematically verified.,3,3,Moderate
MC3R,27,12,0,8,7,1,55,Association is capped for mapped loci unless strong human gene-level evidence exists; functional score reflects curated mechanistic support; Omics=0 because no comparable global omics evidence was obtained; literature reflects evidence quality rather than count alone; omics points require directly retrieved tissue-resolved data (ZFHX3 only in this run); causal score distinguishes rare/Mendelian support from GWAS mapping; novelty rewards emerging opportunity but cannot offset weak biology. Distinct PMIDs are counted as publication groups; cohort independence between papers was not systematically verified.,3,3,Moderate
MRAP2,27,12,0,8,7,1,55,Association is capped for mapped loci unless strong human gene-level evidence exists; functional score reflects curated mechanistic support; Omics=0 because no comparable global omics evidence was obtained; literature reflects evidence quality rather than count alone; omics points require directly retrieved tissue-resolved data (ZFHX3 only in this run); causal score distinguishes rare/Mendelian support from GWAS mapping; novelty rewards emerging opportunity but cannot offset weak biology. Distinct PMIDs are counted as publication groups; cohort independence between papers was not systematically verified.,3,3,Moderate
TMEM18,31,9,0,8,4,1,53,Association is capped for mapped loci unless strong human gene-level evidence exists; functional score reflects curated mechanistic support; Omics=0 because no comparable global omics evidence was obtained; literature reflects evidence quality rather than count alone; omics points require directly retrieved tissue-resolved data (ZFHX3 only in this run); causal score distinguishes rare/Mendelian support from GWAS mapping; novelty rewards emerging opportunity but cannot offset weak biology. Distinct PMIDs are counted as publication groups; cohort independence between papers was not systematically verified.,7,6,Moderate for locus; low for gene assignment
SLC39A8,31,10,0,5,5,2,53,Association is capped for mapped loci unless strong human gene-level evidence exists; functional score reflects curated mechanistic support; Omics=0 because no comparable global omics evidence was obtained; literature reflects evidence quality rather than count alone; omics points require directly retrieved tissue-resolved data (ZFHX3 only in this run); causal score distinguishes rare/Mendelian support from GWAS mapping; novelty rewards emerging opportunity but cannot offset weak biology. Distinct PMIDs are counted as publication groups; cohort independence between papers was not systematically verified.,6,4,Moderate for locus; low for gene assignment
PDE3B,29,10,0,5,7,2,53,Association is capped for mapped loci unless strong human gene-level evidence exists; functional score reflects curated mechanistic support; Omics=0 because no comparable global omics evidence was obtained; literature reflects evidence quality rather than count alone; omics points require directly retrieved tissue-resolved data (ZFHX3 only in this run); causal score distinguishes rare/Mendelian support from GWAS mapping; novelty rewards emerging opportunity but cannot offset weak biology. Distinct PMIDs are counted as publication groups; cohort independence between papers was not systematically verified.,4,4,Moderate
HMGA2,31,10,0,5,4,2,52,Association is capped for mapped loci unless strong human gene-level evidence exists; functional score reflects curated mechanistic support; Omics=0 because no comparable global omics evidence was obtained; literature reflects evidence quality rather than count alone; omics points require directly retrieved tissue-resolved data (ZFHX3 only in this run); causal score distinguishes rare/Mendelian support from GWAS mapping; novelty rewards emerging opportunity but cannot offset weak biology. Distinct PMIDs are counted as publication groups; cohort independence between papers was not systematically verified.,6,4,Moderate for locus; low for gene assignment
CALCR,30,8,0,5,7,2,52,Association is capped for mapped loci unless strong human gene-level evidence exists; functional score reflects curated mechanistic support; Omics=0 because no comparable global omics evidence was obtained; literature reflects evidence quality rather than count alone; omics points require directly retrieved tissue-resolved data (ZFHX3 only in this run); causal score distinguishes rare/Mendelian support from GWAS mapping; novelty rewards emerging opportunity but cannot offset weak biology. Distinct PMIDs are counted as publication groups; cohort independence between papers was not systematically verified.,5,5,Moderate
TFAP2B,29,10,0,8,4,1,52,Association is capped for mapped loci unless strong human gene-level evidence exists; functional score reflects curated mechanistic support; Omics=0 because no comparable global omics evidence was obtained; literature reflects evidence quality rather than count alone; omics points require directly retrieved tissue-resolved data (ZFHX3 only in this run); causal score distinguishes rare/Mendelian support from GWAS mapping; novelty rewards emerging opportunity but cannot offset weak biology. Distinct PMIDs are counted as publication groups; cohort independence between papers was not systematically verified.,8,6,Moderate for locus; low for gene assignment
SEC16B,30,8,0,8,4,1,51,Association is capped for mapped loci unless strong human gene-level evidence exists; functional score reflects curated mechanistic support; Omics=0 because no comparable global omics evidence was obtained; literature reflects evidence quality rather than count alone; omics points require directly retrieved tissue-resolved data (ZFHX3 only in this run); causal score distinguishes rare/Mendelian support from GWAS mapping; novelty rewards emerging opportunity but cannot offset weak biology. Distinct PMIDs are counted as publication groups; cohort independence between papers was not systematically verified.,9,6,Moderate for locus; low for gene assignment
FAIM2,29,9,0,8,4,1,51,Association is capped for mapped loci unless strong human gene-level evidence exists; functional score reflects curated mechanistic support; Omics=0 because no comparable global omics evidence was obtained; literature reflects evidence quality rather than count alone; omics points require directly retrieved tissue-resolved data (ZFHX3 only in this run); causal score distinguishes rare/Mendelian support from GWAS mapping; novelty rewards emerging opportunity but cannot offset weak biology. Distinct PMIDs are counted as publication groups; cohort independence between papers was not systematically verified.,7,4,Moderate for locus; low for gene assignment
ZFHX3,25,7,8,5,4,2,51,Association is capped for mapped loci unless strong human gene-level evidence exists; functional score reflects curated mechanistic support; Omics=0 because no comparable global omics evidence was obtained; literature reflects evidence quality rather than count alone; omics points require directly retrieved tissue-resolved data (ZFHX3 only in this run); causal score distinguishes rare/Mendelian support from GWAS mapping; novelty rewards emerging opportunity but cannot offset weak biology. Distinct PMIDs are counted as publication groups; cohort independence between papers was not systematically verified.,10,7,Moderate for locus; low for gene assignment
NRXN3,29,10,0,5,4,2,50,Association is capped for mapped loci unless strong human gene-level evidence exists; functional score reflects curated mechanistic support; Omics=0 because no comparable global omics evidence was obtained; literature reflects evidence quality rather than count alone; omics points require directly retrieved tissue-resolved data (ZFHX3 only in this run); causal score distinguishes rare/Mendelian support from GWAS mapping; novelty rewards emerging opportunity but cannot offset weak biology. Distinct PMIDs are counted as publication groups; cohort independence between papers was not systematically verified.,6,4,Moderate for locus; low for gene assignment
ETV5,28,9,0,8,4,1,50,Association is capped for mapped loci unless strong human gene-level evidence exists; functional score reflects curated mechanistic support; Omics=0 because no comparable global omics evidence was obtained; literature reflects evidence quality rather than count alone; omics points require directly retrieved tissue-resolved data (ZFHX3 only in this run); causal score distinguishes rare/Mendelian support from GWAS mapping; novelty rewards emerging opportunity but cannot offset weak biology. Distinct PMIDs are counted as publication groups; cohort independence between papers was not systematically verified.,5,4,Moderate for locus; low for gene assignment
NEGR1,28,9,0,8,4,1,50,Association is capped for mapped loci unless strong human gene-level evidence exists; functional score reflects curated mechanistic support; Omics=0 because no comparable global omics evidence was obtained; literature reflects evidence quality rather than count alone; omics points require directly retrieved tissue-resolved data (ZFHX3 only in this run); causal score distinguishes rare/Mendelian support from GWAS mapping; novelty rewards emerging opportunity but cannot offset weak biology. Distinct PMIDs are counted as publication groups; cohort independence between papers was not systematically verified.,3,3,Low
NPC1,26,12,0,5,5,2,50,Association is capped for mapped loci unless strong human gene-level evidence exists; functional score reflects curated mechanistic support; Omics=0 because no comparable global omics evidence was obtained; literature reflects evidence quality rather than count alone; omics points require directly retrieved tissue-resolved data (ZFHX3 only in this run); causal score distinguishes rare/Mendelian support from GWAS mapping; novelty rewards emerging opportunity but cannot offset weak biology. Distinct PMIDs are counted as publication groups; cohort independence between papers was not systematically verified.,6,4,Moderate for locus; low for gene assignment
ADCY5,28,10,0,5,4,2,49,Association is capped for mapped loci unless strong human gene-level evidence exists; functional score reflects curated mechanistic support; Omics=0 because no comparable global omics evidence was obtained; literature reflects evidence quality rather than count alone; omics points require directly retrieved tissue-resolved data (ZFHX3 only in this run); causal score distinguishes rare/Mendelian support from GWAS mapping; novelty rewards emerging opportunity but cannot offset weak biology. Distinct PMIDs are counted as publication groups; cohort independence between papers was not systematically verified.,6,4,Moderate for locus; low for gene assignment
SPARC,27,9,0,5,6,2,49,Association is capped for mapped loci unless strong human gene-level evidence exists; functional score reflects curated mechanistic support; Omics=0 because no comparable global omics evidence was obtained; literature reflects evidence quality rather than count alone; omics points require directly retrieved tissue-resolved data (ZFHX3 only in this run); causal score distinguishes rare/Mendelian support from GWAS mapping; novelty rewards emerging opportunity but cannot offset weak biology. Distinct PMIDs are counted as publication groups; cohort independence between papers was not systematically verified.,4,4,Moderate
RPTOR,26,12,0,5,4,2,49,Association is capped for mapped loci unless strong human gene-level evidence exists; functional score reflects curated mechanistic support; Omics=0 because no comparable global omics evidence was obtained; literature reflects evidence quality rather than count alone; omics points require directly retrieved tissue-resolved data (ZFHX3 only in this run); causal score distinguishes rare/Mendelian support from GWAS mapping; novelty rewards emerging opportunity but cannot offset weak biology. Distinct PMIDs are counted as publication groups; cohort independence between papers was not systematically verified.,6,4,Moderate for locus; low for gene assignment
KCTD15,27,8,0,8,4,1,48,Association is capped for mapped loci unless strong human gene-level evidence exists; functional score reflects curated mechanistic support; Omics=0 because no comparable global omics evidence was obtained; literature reflects evidence quality rather than count alone; omics points require directly retrieved tissue-resolved data (ZFHX3 only in this run); causal score distinguishes rare/Mendelian support from GWAS mapping; novelty rewards emerging opportunity but cannot offset weak biology. Distinct PMIDs are counted as publication groups; cohort independence between papers was not systematically verified.,6,4,Moderate for locus; low for gene assignment
DPP9,27,8,0,5,6,2,48,Association is capped for mapped loci unless strong human gene-level evidence exists; functional score reflects curated mechanistic support; Omics=0 because no comparable global omics evidence was obtained; literature reflects evidence quality rather than count alone; omics points require directly retrieved tissue-resolved data (ZFHX3 only in this run); causal score distinguishes rare/Mendelian support from GWAS mapping; novelty rewards emerging opportunity but cannot offset weak biology. Distinct PMIDs are counted as publication groups; cohort independence between papers was not systematically verified.,4,4,Moderate
GNPDA2,27,8,0,8,4,1,48,Association is capped for mapped loci unless strong human gene-level evidence exists; functional score reflects curated mechanistic support; Omics=0 because no comparable global omics evidence was obtained; literature reflects evidence quality rather than count alone; omics points require directly retrieved tissue-resolved data (ZFHX3 only in this run); causal score distinguishes rare/Mendelian support from GWAS mapping; novelty rewards emerging opportunity but cannot offset weak biology. Distinct PMIDs are counted as publication groups; cohort independence between papers was not systematically verified.,3,3,Low
ADCY9,29,7,0,3,3,4,46,Association is capped for mapped loci unless strong human gene-level evidence exists; functional score reflects curated mechanistic support; Omics=0 because no comparable global omics evidence was obtained; literature reflects evidence quality rather than count alone; omics points require directly retrieved tissue-resolved data (ZFHX3 only in this run); causal score distinguishes rare/Mendelian support from GWAS mapping; novelty rewards emerging opportunity but cannot offset weak biology. Distinct PMIDs are counted as publication groups; cohort independence between papers was not systematically verified.,8,5,Moderate for locus; low for gene assignment
MAP2K5,27,8,0,5,4,2,46,Association is capped for mapped loci unless strong human gene-level evidence exists; functional score reflects curated mechanistic support; Omics=0 because no comparable global omics evidence was obtained; literature reflects evidence quality rather than count alone; omics points require directly retrieved tissue-resolved data (ZFHX3 only in this run); causal score distinguishes rare/Mendelian support from GWAS mapping; novelty rewards emerging opportunity but cannot offset weak biology. Distinct PMIDs are counted as publication groups; cohort independence between papers was not systematically verified.,7,4,Moderate for locus; low for gene assignment
FGF19,25,9,0,5,4,2,45,Association is capped for mapped loci unless strong human gene-level evidence exists; functional score reflects curated mechanistic support; Omics=0 because no comparable global omics evidence was obtained; literature reflects evidence quality rather than count alone; omics points require directly retrieved tissue-resolved data (ZFHX3 only in this run); causal score distinguishes rare/Mendelian support from GWAS mapping; novelty rewards emerging opportunity but cannot offset weak biology. Distinct PMIDs are counted as publication groups; cohort independence between papers was not systematically verified.,6,4,Moderate for locus; low for gene assignment
CCND2,28,6,0,3,3,4,44,Association is capped for mapped loci unless strong human gene-level evidence exists; functional score reflects curated mechanistic support; Omics=0 because no comparable global omics evidence was obtained; literature reflects evidence quality rather than count alone; omics points require directly retrieved tissue-resolved data (ZFHX3 only in this run); causal score distinguishes rare/Mendelian support from GWAS mapping; novelty rewards emerging opportunity but cannot offset weak biology. Distinct PMIDs are counted as publication groups; cohort independence between papers was not systematically verified.,7,4,Moderate for locus; low for gene assignment
LINGO2,27,7,0,3,3,4,44,Association is capped for mapped loci unless strong human gene-level evidence exists; functional score reflects curated mechanistic support; Omics=0 because no comparable global omics evidence was obtained; literature reflects evidence quality rather than count alone; omics points require directly retrieved tissue-resolved data (ZFHX3 only in this run); causal score distinguishes rare/Mendelian support from GWAS mapping; novelty rewards emerging opportunity but cannot offset weak biology. Distinct PMIDs are counted as publication groups; cohort independence between papers was not systematically verified.,6,4,Moderate for locus; low for gene assignment
ANO4,27,4,0,5,6,2,44,Association is capped for mapped loci unless strong human gene-level evidence exists; functional score reflects curated mechanistic support; Omics=0 because no comparable global omics evidence was obtained; literature reflects evidence quality rather than count alone; omics points require directly retrieved tissue-resolved data (ZFHX3 only in this run); causal score distinguishes rare/Mendelian support from GWAS mapping; novelty rewards emerging opportunity but cannot offset weak biology. Distinct PMIDs are counted as publication groups; cohort independence between papers was not systematically verified.,1,1,Moderate
UBR2,27,4,0,5,6,2,44,Association is capped for mapped loci unless strong human gene-level evidence exists; functional score reflects curated mechanistic support; Omics=0 because no comparable global omics evidence was obtained; literature reflects evidence quality rather than count alone; omics points require directly retrieved tissue-resolved data (ZFHX3 only in this run); causal score distinguishes rare/Mendelian support from GWAS mapping; novelty rewards emerging opportunity but cannot offset weak biology. Distinct PMIDs are counted as publication groups; cohort independence between papers was not systematically verified.,3,3,Moderate
ROBO1,26,5,0,5,6,2,44,Association is capped for mapped loci unless strong human gene-level evidence exists; functional score reflects curated mechanistic support; Omics=0 because no comparable global omics evidence was obtained; literature reflects evidence quality rather than count alone; omics points require directly retrieved tissue-resolved data (ZFHX3 only in this run); causal score distinguishes rare/Mendelian support from GWAS mapping; novelty rewards emerging opportunity but cannot offset weak biology. Distinct PMIDs are counted as publication groups; cohort independence between papers was not systematically verified.,4,4,Moderate
ANKRD27,26,4,0,5,6,2,43,Association is capped for mapped loci unless strong human gene-level evidence exists; functional score reflects curated mechanistic support; Omics=0 because no comparable global omics evidence was obtained; literature reflects evidence quality rather than count alone; omics points require directly retrieved tissue-resolved data (ZFHX3 only in this run); causal score distinguishes rare/Mendelian support from GWAS mapping; novelty rewards emerging opportunity but cannot offset weak biology. Distinct PMIDs are counted as publication groups; cohort independence between papers was not systematically verified.,1,1,Moderate
BLTP1,26,4,0,5,6,2,43,Association is capped for mapped loci unless strong human gene-level evidence exists; functional score reflects curated mechanistic support; Omics=0 because no comparable global omics evidence was obtained; literature reflects evidence quality rather than count alone; omics points require directly retrieved tissue-resolved data (ZFHX3 only in this run); causal score distinguishes rare/Mendelian support from GWAS mapping; novelty rewards emerging opportunity but cannot offset weak biology. Distinct PMIDs are counted as publication groups; cohort independence between papers was not systematically verified.,1,1,Moderate
CRTC1,24,8,0,5,4,2,43,Association is capped for mapped loci unless strong human gene-level evidence exists; functional score reflects curated mechanistic support; Omics=0 because no comparable global omics evidence was obtained; literature reflects evidence quality rather than count alone; omics points require directly retrieved tissue-resolved data (ZFHX3 only in this run); causal score distinguishes rare/Mendelian support from GWAS mapping; novelty rewards emerging opportunity but cannot offset weak biology. Distinct PMIDs are counted as publication groups; cohort independence between papers was not systematically verified.,6,4,Moderate for locus; low for gene assignment
MCM6,26,6,0,3,3,4,42,Association is capped for mapped loci unless strong human gene-level evidence exists; functional score reflects curated mechanistic support; Omics=0 because no comparable global omics evidence was obtained; literature reflects evidence quality rather than count alone; omics points require directly retrieved tissue-resolved data (ZFHX3 only in this run); causal score distinguishes rare/Mendelian support from GWAS mapping; novelty rewards emerging opportunity but cannot offset weak biology. Distinct PMIDs are counted as publication groups; cohort independence between papers was not systematically verified.,6,4,Moderate for locus; low for gene assignment
SYT10,25,7,0,3,3,4,42,Association is capped for mapped loci unless strong human gene-level evidence exists; functional score reflects curated mechanistic support; Omics=0 because no comparable global omics evidence was obtained; literature reflects evidence quality rather than count alone; omics points require directly retrieved tissue-resolved data (ZFHX3 only in this run); causal score distinguishes rare/Mendelian support from GWAS mapping; novelty rewards emerging opportunity but cannot offset weak biology. Distinct PMIDs are counted as publication groups; cohort independence between papers was not systematically verified.,4,1,Moderate for locus; low for gene assignment
COBLL1,25,6,0,5,3,2,41,Association is capped for mapped loci unless strong human gene-level evidence exists; functional score reflects curated mechanistic support; Omics=0 because no comparable global omics evidence was obtained; literature reflects evidence quality rather than count alone; omics points require directly retrieved tissue-resolved data (ZFHX3 only in this run); causal score distinguishes rare/Mendelian support from GWAS mapping; novelty rewards emerging opportunity but cannot offset weak biology. Distinct PMIDs are counted as publication groups; cohort independence between papers was not systematically verified.,17,5,Moderate for locus; low for gene assignment
